Exporters,Year, TotalValues , UnitePrice 
China,1/1/2014," $1,272,663,000 "," $4,221 "
China,1/1/2015," $1,383,062,000 "," $4,256 "
China,1/1/2016," $1,484,898,000 "," $4,518 "
China,1/1/2017," $1,611,224,000 "," $4,476 "
China,1/1/2018," $1,785,365,000 "," $4,836 "
China,1/1/2019," $2,019,611,000 "," $5,482 "
China,1/1/2020," $2,038,061,000 "," $5,819 "
China,1/1/2021," $2,299,193,000 "," $6,219 "
China,1/1/2022," $2,082,700,000 "," $5,534 "
China,1/1/2023," $1,739,000,000 "," $4,754 "
Kenya,1/1/2014," $1,071,322,000 "," $2,335 "
Kenya,1/1/2015," $1,257,871,000 "," $2,983 "
Kenya,1/1/2016," $1,229,271,000 "," $2,555 "
Kenya,1/1/2017," $1,424,519,000 "," $3,050 "
Kenya,1/1/2018," $1,370,330,000 "," $2,731 "
Kenya,1/1/2019," $1,113,433,000 "," $2,339 "
Kenya,1/1/2020," $1,224,280,000 "," $2,127 "
Kenya,1/1/2021," $1,192,908,000 "," $2,144 "
Kenya,1/1/2022," $1,385,714,000 "," $2,510 "
Kenya,1/1/2023," $1,354,218,000 "," $2,422 "
Sri Lanka,1/1/2014," $1,609,339,000 "," $4,950 "
Sri Lanka,1/1/2015," $1,321,899,000 "," $4,336 "
Sri Lanka,1/1/2016," $1,251,730,000 "," $4,365 "
Sri Lanka,1/1/2017," $1,513,207,000 "," $5,275 "
Sri Lanka,1/1/2019," $1,322,583,000 "," $4,567 "
Sri Lanka,1/1/2020," $1,329,509,000 "," $4,664 "
Sri Lanka,1/1/2021," $1,391,647,000 "," $4,918 "
Sri Lanka,1/1/2022," $1,234,195,000 "," $4,994 "
Sri Lanka,1/1/2023," $1,289,913,000 "," $5,395 "
India,1/1/2014," $656,214,000 "," $3,087 "
India,1/1/2015," $674,857,000 "," $2,882 "
India,1/1/2016," $661,637,000 "," $2,871 "
India,1/1/2017," $768,406,000 "," $2,939 "
India,1/1/2018," $767,710,000 "," $2,926 "
India,1/1/2019," $813,746,000 "," $3,154 "
India,1/1/2020," $692,074,000 "," $3,288 "
India,1/1/2021," $687,890,000 "," $3,488 "
India,1/1/2022," $751,061,000 "," $3,246 "
India,1/1/2023," $706,351,000 "," $3,115 "
Poland,1/1/2014," $237,007,000 "," $10,995 "
Poland,1/1/2015," $180,799,000 "," $9,224 "
Poland,1/1/2016," $194,409,000 "," $9,920 "
Poland,1/1/2017," $189,027,000 "," $9,854 "
Poland,1/1/2018," $203,138,000 "," $10,652 "
Poland,1/1/2019," $255,209,000 "," $11,148 "
Poland,1/1/2020," $264,514,000 "," $10,902 "
Poland,1/1/2021," $262,807,000 "," $12,045 "
Poland,1/1/2022," $252,689,000 "," $11,378 "
Poland,1/1/2023," $235,033,000 "," $12,833 "
Germany,1/1/2014," $252,103,000 "," $9,198 "
Germany,1/1/2015," $217,140,000 "," $8,451 "
Germany,1/1/2016," $236,639,000 "," $9,179 "
Germany,1/1/2017," $250,127,000 "," $9,778 "
Germany,1/1/2018," $258,314,000 "," $11,181 "
Germany,1/1/2019," $250,899,000 "," $10,989 "
Germany,1/1/2020," $228,151,000 "," $10,262 "
Germany,1/1/2021," $250,262,000 "," $11,171 "
Germany,1/1/2022," $234,989,000 "," $10,382 "
Germany,1/1/2023," $230,943,000 "," $11,839 "
Japan,1/1/2014," $75,208,000 "," $20,926 "
Japan,1/1/2015," $85,941,000 "," $20,160 "
Japan,1/1/2016," $109,031,000 "," $25,648 "
Japan,1/1/2017," $129,876,000 "," $27,371 "
Japan,1/1/2018," $142,433,000 "," $27,276 "
Japan,1/1/2019," $137,147,000 "," $26,194 "
Japan,1/1/2020," $154,308,000 "," $28,897 "
Japan,1/1/2021," $189,891,000 "," $30,156 "
Japan,1/1/2022," $170,411,000 "," $26,719 "
Japan,1/1/2023," $210,674,000 "," $27,410 "
United Kingdom,1/1/2014," $153,556,000 "," $7,051 "
United Kingdom,1/1/2015," $147,263,000 "," $7,008 "
United Kingdom,1/1/2016," $134,824,000 "," $6,961 "
United Kingdom,1/1/2017," $137,612,000 "," $7,119 "
United Kingdom,1/1/2018," $140,430,000 "," $7,633 "
United Kingdom,1/1/2019," $138,291,000 "," $7,113 "
United Kingdom,1/1/2020," $135,701,000 "," $7,216 "
United Kingdom,1/1/2021," $135,220,000 "," $8,381 "
United Kingdom,1/1/2022," $122,993,000 "," $7,176 "
United Kingdom,1/1/2023," $120,544,000 "," $9,240 "
"Taipei, Chinese",1/1/2014," $43,118,000 "," $11,538 "
"Taipei, Chinese",1/1/2015," $53,957,000 "," $11,374 "
"Taipei, Chinese",1/1/2016," $63,672,000 "," $11,058 "
"Taipei, Chinese",1/1/2017," $89,615,000 "," $11,710 "
"Taipei, Chinese",1/1/2018," $112,259,000 "," $12,761 "
"Taipei, Chinese",1/1/2019," $124,803,000 "," $12,112 "
"Taipei, Chinese",1/1/2020," $100,183,000 "," $12,493 "
"Taipei, Chinese",1/1/2021," $113,279,000 "," $12,630 "
"Taipei, Chinese",1/1/2022," $99,020,000 "," $12,404 "
"Taipei, Chinese",1/1/2023," $99,260,000 "," $13,154 "
United States,1/1/2014," $107,799,000 "," $7,005 "
United States,1/1/2015," $110,171,000 "," $6,861 "
United States,1/1/2016," $128,042,000 "," $7,227 "
United States,1/1/2017," $135,826,000 "," $7,344 "
United States,1/1/2018," $124,434,000 "," $6,809 "
United States,1/1/2019," $111,654,000 "," $6,515 "
United States,1/1/2020," $89,244,000 "," $6,236 "
United States,1/1/2021," $93,811,000 "," $6,159 "
United States,1/1/2022," $97,701,000 "," $6,490 "
United States,1/1/2023," $98,511,000 "," $6,873 "
Netherlands,1/1/2014," $72,842,000 "," $4,730 "
Netherlands,1/1/2015," $68,137,000 "," $5,134 "
Netherlands,1/1/2016," $71,899,000 "," $5,684 "
Netherlands,1/1/2017," $66,807,000 "," $5,870 "
Netherlands,1/1/2018," $63,586,000 "," $8,076 "
Netherlands,1/1/2019," $72,734,000 "," $7,872 "
Netherlands,1/1/2020," $92,983,000 "," $8,765 "
Netherlands,1/1/2021," $93,291,000 "," $8,347 "
Netherlands,1/1/2022," $74,291,000 "," $8,820 "
Netherlands,1/1/2023," $87,878,000 "," $6,822 "
Vietnam,1/1/2014," $227,719,000 "," $1,722 "
Vietnam,1/1/2015," $212,422,000 "," $1,702 "
Vietnam,1/1/2016," $225,410,000 "," $1,653 "
Vietnam,1/1/2017," $226,797,000 "," $1,570 "
Vietnam,1/1/2018," $209,350,000 "," $2,749 "
Vietnam,1/1/2019," $230,740,000 "," $1,710 "
Vietnam,1/1/2020," $198,926,000 "," $1,571 "
Vietnam,1/1/2021," $204,127,000 "," $1,671 "
Vietnam,1/1/2022," $223,087,000 "," $4,187 "
Vietnam,1/1/2023," $85,625,000 "," $1,643 "
United Arab Emirates,1/1/2014," $133,137,000 "," $4,510 "
United Arab Emirates,1/1/2015," $116,871,000 "," $3,857 "
United Arab Emirates,1/1/2016," $117,565,000 "," $3,688 "
United Arab Emirates,1/1/2017," $188,522,000 "," $3,452 "
United Arab Emirates,1/1/2018," $295,037,000 "," $4,371 "
United Arab Emirates,1/1/2019," $295,457,000 "," $4,490 "
United Arab Emirates,1/1/2020," $315,658,000 "," $5,422 "
United Arab Emirates,1/1/2021," $338,032,000 "," $5,680 "
United Arab Emirates,1/1/2022," $439,415,000 "," $5,700 "
United Arab Emirates,1/1/2023," $84,553,000 ", $-   
Uganda,1/1/2014," $84,739,000 "," $1,420 "
Uganda,1/1/2015," $70,317,000 "," $1,319 "
Uganda,1/1/2016," $71,488,000 "," $1,270 "
Uganda,1/1/2017," $79,713,000 "," $1,346 "
Uganda,1/1/2018," $88,831,000 "," $1,267 "
Uganda,1/1/2019," $77,957,000 "," $1,128 "
Uganda,1/1/2020," $78,672,000 "," $1,086 "
Uganda,1/1/2021," $84,958,000 "," $1,102 "
Uganda,1/1/2022," $88,432,000 "," $1,163 "
Uganda,1/1/2023," $82,473,000 "," $1,061 "
Malawi,1/1/2014," $76,664,000 "," $1,590 "
Malawi,1/1/2015," $64,755,000 "," $1,670 "
Malawi,1/1/2016," $67,140,000 "," $1,538 "
Malawi,1/1/2017," $71,567,000 "," $1,734 "
Malawi,1/1/2018," $87,718,000 "," $1,842 "
Malawi,1/1/2019," $80,097,000 "," $1,706 "
Malawi,1/1/2020," $74,567,000 "," $1,589 "
Malawi,1/1/2021," $73,282,000 "," $1,621 "
Malawi,1/1/2022," $79,760,000 "," $1,615 "
Malawi,1/1/2023," $70,573,000 ", $-   
Indonesia,1/1/2014," $134,584,000 "," $2,027 "
Indonesia,1/1/2015," $126,051,000 "," $2,036 "
Indonesia,1/1/2016," $113,107,000 "," $2,204 "
Indonesia,1/1/2017," $114,232,000 "," $2,108 "
Indonesia,1/1/2018," $108,418,000 "," $2,211 "
Indonesia,1/1/2019," $92,347,000 "," $2,157 "
Indonesia,1/1/2020," $96,325,000 "," $2,137 "
Indonesia,1/1/2021," $89,158,000 "," $2,090 "
Indonesia,1/1/2022," $89,990,000 "," $2,016 "
Indonesia,1/1/2023," $69,015,000 "," $1,917 "
France,1/1/2014," $65,844,000 "," $16,636 "
France,1/1/2015," $58,341,000 "," $13,964 "
France,1/1/2016," $56,450,000 "," $14,720 "
France,1/1/2017," $60,780,000 "," $17,628 "
France,1/1/2018," $63,158,000 "," $20,368 "
France,1/1/2019," $59,001,000 "," $19,156 "
France,1/1/2020," $53,332,000 "," $15,780 "
France,1/1/2021," $63,426,000 "," $16,815 "
France,1/1/2022," $62,689,000 "," $18,624 "
France,1/1/2023," $66,510,000 "," $22,470 "
Argentina,1/1/2014," $115,076,000 "," $1,497 "
Argentina,1/1/2015," $99,963,000 "," $1,315 "
Argentina,1/1/2016," $97,032,000 "," $1,241 "
Argentina,1/1/2017," $95,835,000 "," $1,276 "
Argentina,1/1/2018," $90,952,000 "," $1,246 "
Argentina,1/1/2019," $87,688,000 "," $1,164 "
Argentina,1/1/2020," $75,365,000 "," $1,142 "
Argentina,1/1/2021," $76,944,000 "," $1,065 "
Argentina,1/1/2022," $65,460,000 "," $1,159 "
Argentina,1/1/2023," $58,499,000 "," $1,180 "
Belgium,1/1/2014," $92,004,000 "," $6,420 "
Belgium,1/1/2015," $81,419,000 "," $5,703 "
Belgium,1/1/2016," $83,119,000 "," $5,799 "
Belgium,1/1/2017," $86,066,000 "," $6,110 "
Belgium,1/1/2018," $76,105,000 "," $6,870 "
Belgium,1/1/2019," $73,858,000 "," $5,831 "
Belgium,1/1/2020," $48,815,000 "," $5,029 "
Belgium,1/1/2021," $52,837,000 "," $5,101 "
Belgium,1/1/2022," $61,865,000 "," $4,977 "
Belgium,1/1/2023," $53,363,000 "," $5,958 "
Rwanda,1/1/2014," $57,811,000 "," $2,406 "
Rwanda,1/1/2015," $22,119,000 "," $2,120 "
Rwanda,1/1/2016," $18,451,000 "," $2,443 "
Rwanda,1/1/2017," $84,267,000 "," $3,211 "
Rwanda,1/1/2018," $92,555,000 "," $2,923 "
Rwanda,1/1/2019," $86,665,000 "," $2,782 "
Rwanda,1/1/2020," $104,551,000 "," $2,823 "
Rwanda,1/1/2021," $104,170,000 "," $2,680 "
Rwanda,1/1/2022," $109,422,000 "," $2,915 "
Rwanda,1/1/2023," $48,300,000 "," $2,959 "
Russia,1/1/2014," $85,375,000 "," $6,937 "
Russia,1/1/2015," $67,528,000 "," $5,542 "
Russia,1/1/2016," $76,319,000 "," $5,168 "
Russia,1/1/2017," $92,271,000 "," $5,472 "
Russia,1/1/2018," $97,928,000 "," $5,195 "
Russia,1/1/2019," $102,237,000 "," $5,146 "
Russia,1/1/2020," $105,418,000 "," $5,133 "
Russia,1/1/2021," $115,015,000 "," $5,263 "
Russia,1/1/2022," $56,271,000 "," $6,803 "
Russia,1/1/2023," $45,305,000 "," $6,685 "
Morocco,1/1/2014," $23,893,000 "," $34,577 "
Morocco,1/1/2015," $22,225,000 "," $26,939 "
Morocco,1/1/2016," $28,884,000 "," $28,262 "
Morocco,1/1/2017," $27,156,000 "," $29,974 "
Morocco,1/1/2018," $44,597,000 "," $10,496 "
Morocco,1/1/2019," $37,256,000 "," $20,226 "
Morocco,1/1/2020," $28,239,000 "," $17,240 "
Morocco,1/1/2021," $32,682,000 "," $24,191 "
Morocco,1/1/2022," $35,735,000 "," $27,896 "
Morocco,1/1/2023," $38,518,000 "," $31,088 "
Singapore,1/1/2014," $20,470,000 "," $14,758 "
Singapore,1/1/2015," $20,667,000 "," $11,494 "
Singapore,1/1/2016," $26,788,000 "," $11,255 "
Singapore,1/1/2017," $26,881,000 "," $13,414 "
Singapore,1/1/2018," $27,758,000 "," $11,339 "
Singapore,1/1/2019," $27,402,000 "," $12,564 "
Singapore,1/1/2020," $30,712,000 "," $13,941 "
Singapore,1/1/2021," $23,445,000 "," $15,714 "
Singapore,1/1/2022," $27,296,000 "," $19,823 "
Singapore,1/1/2023," $33,090,000 "," $19,351 "
Jordan,1/1/2014," $2,082,000 "," $4,721 "
Jordan,1/1/2015," $8,977,000 "," $8,335 "
Jordan,1/1/2016," $19,252,000 "," $7,698 "
Jordan,1/1/2017," $18,483,000 "," $7,047 "
Jordan,1/1/2018," $22,544,000 "," $6,748 "
Jordan,1/1/2019," $22,572,000 "," $7,047 "
Jordan,1/1/2020," $20,851,000 ", $-   
Jordan,1/1/2021," $33,254,000 "," $3,510 "
Jordan,1/1/2022," $29,935,000 "," $7,816 "
Jordan,1/1/2023," $31,837,000 "," $5,524 "
Tanzania,1/1/2014," $44,018,000 "," $1,705 "
Tanzania,1/1/2015," $46,300,000 "," $1,581 "
Tanzania,1/1/2016," $44,433,000 "," $1,687 "
Tanzania,1/1/2017," $48,691,000 "," $1,767 "
Tanzania,1/1/2018," $45,427,000 "," $1,688 "
Tanzania,1/1/2019," $45,103,000 "," $1,425 "
Tanzania,1/1/2020," $31,950,000 "," $1,326 "
Tanzania,1/1/2021," $32,881,000 "," $1,357 "
Tanzania,1/1/2022," $30,020,000 "," $1,446 "
Tanzania,1/1/2023," $31,135,000 "," $1,404 "
Canada,1/1/2014," $27,475,000 "," $13,448 "
Canada,1/1/2015," $30,953,000 "," $13,666 "
Canada,1/1/2016," $36,005,000 "," $14,744 "
Canada,1/1/2017," $45,217,000 "," $15,052 "
Canada,1/1/2018," $41,402,000 "," $15,443 "
Canada,1/1/2019," $44,171,000 "," $13,616 "
Canada,1/1/2020," $43,882,000 "," $14,574 "
Canada,1/1/2021," $31,156,000 "," $16,938 "
Canada,1/1/2022," $32,471,000 "," $16,003 "
Canada,1/1/2023," $29,370,000 "," $13,711 "
Switzerland,1/1/2014," $26,049,000 "," $6,262 "
Switzerland,1/1/2015," $23,679,000 "," $5,740 "
Switzerland,1/1/2016," $24,617,000 "," $5,791 "
Switzerland,1/1/2017," $27,746,000 "," $6,002 "
Switzerland,1/1/2018," $30,184,000 "," $6,198 "
Switzerland,1/1/2019," $27,175,000 "," $4,999 "
Switzerland,1/1/2020," $31,192,000 "," $5,279 "
Switzerland,1/1/2021," $29,830,000 "," $4,739 "
Switzerland,1/1/2022," $26,209,000 "," $4,314 "
Switzerland,1/1/2023," $27,736,000 "," $4,506 "
Turkey,1/1/2014," $21,390,000 "," $4,408 "
Turkey,1/1/2015," $23,614,000 "," $4,301 "
Turkey,1/1/2016," $28,585,000 "," $4,673 "
Turkey,1/1/2017," $24,966,000 "," $4,815 "
Turkey,1/1/2018," $13,090,000 "," $3,672 "
Turkey,1/1/2019," $16,110,000 "," $3,795 "
Turkey,1/1/2020," $17,835,000 "," $3,625 "
Turkey,1/1/2021," $21,723,000 "," $3,752 "
Turkey,1/1/2022," $24,751,000 "," $3,760 "
Turkey,1/1/2023," $27,404,000 "," $5,117 "
Nepal,1/1/2014," $20,260,000 "," $3,219 "
Nepal,1/1/2015," $17,694,000 "," $1,608 "
Nepal,1/1/2016," $25,911,000 "," $1,945 "
Nepal,1/1/2017," $27,593,000 "," $2,152 "
Nepal,1/1/2018," $31,430,000 "," $1,776 "
Nepal,1/1/2019," $23,626,000 "," $2,216 "
Nepal,1/1/2020," $33,088,000 "," $2,452 "
Nepal,1/1/2021," $24,053,000 "," $2,545 "
Nepal,1/1/2022," $32,518,000 "," $1,876 "
Nepal,1/1/2023," $25,551,000 "," $1,897 "
Kazakhstan,1/1/2014," $7,387,000 "," $4,857 "
Kazakhstan,1/1/2015," $8,513,000 "," $5,046 "
Kazakhstan,1/1/2016," $9,486,000 "," $4,920 "
Kazakhstan,1/1/2017," $8,886,000 "," $4,770 "
Kazakhstan,1/1/2018," $11,773,000 "," $4,006 "
Kazakhstan,1/1/2019," $12,205,000 "," $4,666 "
Kazakhstan,1/1/2020," $18,971,000 "," $4,548 "
Kazakhstan,1/1/2021," $20,291,000 "," $5,203 "
Kazakhstan,1/1/2022," $26,739,000 "," $5,974 "
Kazakhstan,1/1/2023," $24,576,000 "," $6,138 "
South Africa,1/1/2014," $31,790,000 "," $4,395 "
South Africa,1/1/2015," $28,137,000 "," $4,403 "
South Africa,1/1/2016," $24,221,000 "," $4,713 "
South Africa,1/1/2017," $30,124,000 "," $5,589 "
South Africa,1/1/2018," $31,085,000 "," $5,204 "
South Africa,1/1/2019," $26,163,000 "," $4,969 "
South Africa,1/1/2020," $21,798,000 "," $4,264 "
South Africa,1/1/2021," $22,806,000 "," $5,140 "
South Africa,1/1/2022," $25,913,000 "," $4,787 "
South Africa,1/1/2023," $23,981,000 "," $4,490 "
Hong Kong,1/1/2014," $23,441,000 "," $10,792 "
Hong Kong,1/1/2015," $21,897,000 "," $11,933 "
Hong Kong,1/1/2016," $27,364,000 "," $12,663 "
Hong Kong,1/1/2017," $38,367,000 "," $8,622 "
Hong Kong,1/1/2018," $61,375,000 "," $8,600 "
Hong Kong,1/1/2019," $78,330,000 "," $9,031 "
Hong Kong,1/1/2020," $45,585,000 "," $9,179 "
Hong Kong,1/1/2021," $49,203,000 "," $8,761 "
Hong Kong,1/1/2022," $40,497,000 "," $12,024 "
Hong Kong,1/1/2023," $22,286,000 "," $13,258 "
Thailand,1/1/2014," $8,466,000 "," $5,168 "
Thailand,1/1/2015," $7,439,000 "," $4,043 "
Thailand,1/1/2016," $8,034,000 "," $4,405 "
Thailand,1/1/2017," $12,846,000 "," $4,740 "
Thailand,1/1/2018," $14,782,000 "," $5,389 "
Thailand,1/1/2019," $18,824,000 "," $5,680 "
Thailand,1/1/2020," $23,471,000 "," $8,791 "
Thailand,1/1/2021," $24,314,000 "," $6,983 "
Thailand,1/1/2022," $20,474,000 "," $6,229 "
Thailand,1/1/2023," $18,278,000 "," $5,962 "
Zimbabwe,1/1/2014," $18,832,000 "," $1,468 "
Zimbabwe,1/1/2015," $19,427,000 "," $1,392 "
Zimbabwe,1/1/2016," $16,735,000 "," $1,507 "
Zimbabwe,1/1/2017," $21,507,000 "," $1,605 "
Zimbabwe,1/1/2018," $23,695,000 "," $1,453 "
Zimbabwe,1/1/2019," $21,095,000 "," $1,451 "
Zimbabwe,1/1/2020," $16,282,000 "," $1,341 "
Zimbabwe,1/1/2021," $16,061,000 "," $1,388 "
Zimbabwe,1/1/2022," $18,250,000 "," $1,445 "
Zimbabwe,1/1/2023," $16,628,000 "," $1,453 "
Egypt,1/1/2014," $23,501,000 "," $9,223 "
Egypt,1/1/2015," $19,025,000 "," $6,283 "
Egypt,1/1/2016," $18,755,000 "," $5,746 "
Egypt,1/1/2017," $7,433,000 "," $8,544 "
Egypt,1/1/2018," $6,683,000 "," $11,602 "
Egypt,1/1/2019," $7,844,000 "," $12,591 "
Egypt,1/1/2020," $7,266,000 ", $-   
Egypt,1/1/2021," $8,196,000 "," $9,899 "
Egypt,1/1/2022," $12,039,000 "," $9,162 "
Egypt,1/1/2023," $16,431,000 "," $11,821 "
Pakistan,1/1/2014," $11,709,000 "," $3,916 "
Pakistan,1/1/2015," $6,601,000 "," $4,776 "
Pakistan,1/1/2016," $7,207,000 "," $4,943 "
Pakistan,1/1/2017," $8,244,000 "," $5,188 "
Pakistan,1/1/2018," $23,201,000 "," $4,501 "
Pakistan,1/1/2019," $28,491,000 "," $4,206 "
Pakistan,1/1/2020," $14,898,000 "," $4,701 "
Pakistan,1/1/2021," $21,875,000 "," $4,040 "
Pakistan,1/1/2022," $20,726,000 "," $4,516 "
Pakistan,1/1/2023," $15,581,000 "," $5,271 "
Spain,1/1/2014," $12,227,000 "," $8,672 "
Spain,1/1/2015," $10,403,000 "," $9,579 "
Spain,1/1/2016," $8,857,000 "," $10,042 "
Spain,1/1/2017," $12,529,000 "," $10,346 "
Spain,1/1/2018," $14,616,000 "," $10,661 "
Spain,1/1/2019," $12,589,000 "," $10,465 "
Spain,1/1/2020," $10,599,000 ", $-   
Spain,1/1/2021," $13,312,000 "," $10,024 "
Spain,1/1/2022," $13,834,000 "," $10,868 "
Spain,1/1/2023," $13,180,000 "," $13,206 "
South Korea,1/1/2014," $4,988,000 "," $11,035 "
South Korea,1/1/2015," $4,392,000 "," $15,303 "
South Korea,1/1/2016," $5,975,000 "," $15,933 "
South Korea,1/1/2017," $6,640,000 "," $12,943 "
South Korea,1/1/2018," $5,878,000 "," $16,558 "
South Korea,1/1/2019," $4,655,000 "," $12,824 "
South Korea,1/1/2020," $6,834,000 "," $13,668 "
South Korea,1/1/2021," $16,785,000 "," $32,592 "
South Korea,1/1/2022," $13,207,000 "," $27,287 "
South Korea,1/1/2023," $12,575,000 "," $30,156 "
Czech Republic,1/1/2014," $13,576,000 "," $12,605 "
Czech Republic,1/1/2015," $10,186,000 "," $10,790 "
Czech Republic,1/1/2016," $11,070,000 "," $11,070 "
Czech Republic,1/1/2017," $12,169,000 "," $19,347 "
Czech Republic,1/1/2018," $8,621,000 "," $19,910 "
Czech Republic,1/1/2019," $7,765,000 "," $17,537 "
Czech Republic,1/1/2020," $8,525,000 "," $15,901 "
Czech Republic,1/1/2021," $11,205,000 "," $15,224 "
Czech Republic,1/1/2022," $13,619,000 "," $13,742 "
Czech Republic,1/1/2023," $12,488,000 "," $14,572 "
Malaysia,1/1/2014," $6,858,000 "," $2,959 "
Malaysia,1/1/2015," $5,821,000 "," $3,101 "
Malaysia,1/1/2016," $9,594,000 "," $3,973 "
Malaysia,1/1/2017," $10,400,000 "," $3,616 "
Malaysia,1/1/2018," $23,253,000 "," $5,815 "
Malaysia,1/1/2019," $33,112,000 "," $7,130 "
Malaysia,1/1/2020," $29,204,000 "," $4,962 "
Malaysia,1/1/2021," $35,969,000 "," $5,728 "
Malaysia,1/1/2022," $8,515,000 "," $2,001 "
Malaysia,1/1/2023," $11,913,000 "," $2,383 "
Austria,1/1/2014," $17,692,000 "," $8,112 "
Austria,1/1/2015," $11,576,000 "," $7,299 "
Austria,1/1/2016," $10,531,000 "," $6,960 "
Austria,1/1/2017," $8,500,000 "," $8,442 "
Austria,1/1/2018," $10,074,000 "," $9,538 "
Austria,1/1/2019," $8,977,000 "," $9,351 "
Austria,1/1/2020," $12,483,000 "," $11,496 "
Austria,1/1/2021," $11,559,000 "," $9,779 "
Austria,1/1/2022," $10,885,000 "," $9,849 "
Austria,1/1/2023," $11,862,000 "," $10,690 "
Burundi,1/1/2014," $13,472,000 "," $1,290 "
Burundi,1/1/2015," $4,000 ", $182 
Burundi,1/1/2016," $14,147,000 "," $1,327 "
Burundi,1/1/2017," $28,464,000 "," $2,790 "
Burundi,1/1/2018," $26,084,000 "," $2,485 "
Burundi,1/1/2019," $22,035,000 "," $2,185 "
Burundi,1/1/2020," $21,614,000 "," $2,369 "
Burundi,1/1/2021," $24,124,000 "," $2,118 "
Burundi,1/1/2022," $25,167,000 "," $2,402 "
Burundi,1/1/2023," $11,639,000 "," $2,482 "
Peru,1/1/2014," $38,000 "," $5,429 "
Peru,1/1/2015," $30,000 "," $3,333 "
Peru,1/1/2016," $124,000 "," $5,636 "
Peru,1/1/2017," $156,000 "," $5,571 "
Peru,1/1/2018," $148,000 "," $4,625 "
Peru,1/1/2019," $133,000 "," $4,750 "
Peru,1/1/2020," $503,000 "," $6,134 "
Peru,1/1/2021," $3,836,000 "," $8,818 "
Peru,1/1/2022," $14,052,000 "," $9,469 "
Peru,1/1/2023," $9,866,000 "," $7,636 "
Iran,1/1/2014," $38,010,000 "," $1,067 "
Iran,1/1/2015," $31,192,000 "," $1,267 "
Iran,1/1/2016," $20,578,000 "," $1,392 "
Iran,1/1/2017," $19,392,000 "," $1,323 "
Iran,1/1/2018," $19,848,000 "," $1,216 "
Iran,1/1/2019," $7,473,000 "," $1,084 "
Iran,1/1/2020," $15,863,000 ", $979 
Iran,1/1/2021," $27,999,000 "," $1,027 "
Iran,1/1/2022," $42,455,000 "," $1,232 "
Iran,1/1/2023," $9,710,000 "," $1,381 "
Ireland,1/1/2014," $7,177,000 "," $10,991 "
Ireland,1/1/2015," $5,549,000 "," $9,405 "
Ireland,1/1/2016," $5,759,000 "," $7,710 "
Ireland,1/1/2017," $7,015,000 "," $8,148 "
Ireland,1/1/2018," $6,775,000 "," $9,057 "
Ireland,1/1/2019," $9,725,000 "," $11,703 "
Ireland,1/1/2020," $7,181,000 "," $8,822 "
Ireland,1/1/2021," $8,885,000 "," $6,396 "
Ireland,1/1/2022," $17,390,000 "," $35,635 "
Ireland,1/1/2023," $8,850,000 "," $8,788 "
Sweden,1/1/2014," $6,518,000 "," $17,063 "
Sweden,1/1/2015," $5,311,000 "," $14,471 "
Sweden,1/1/2016," $5,752,000 "," $14,202 "
Sweden,1/1/2017," $5,551,000 "," $15,003 "
Sweden,1/1/2018," $6,540,000 "," $13,512 "
Sweden,1/1/2019," $6,839,000 "," $14,867 "
Sweden,1/1/2020," $5,191,000 "," $14,831 "
Sweden,1/1/2021," $5,673,000 "," $14,851 "
Sweden,1/1/2022," $8,973,000 "," $14,519 "
Sweden,1/1/2023," $8,568,000 "," $16,605 "
Denmark,1/1/2014," $8,522,000 "," $14,744 "
Denmark,1/1/2015," $6,669,000 "," $11,659 "
Denmark,1/1/2016," $6,220,000 "," $12,720 "
Denmark,1/1/2017," $6,062,000 "," $14,643 "
Denmark,1/1/2018," $9,054,000 "," $16,892 "
Denmark,1/1/2019," $6,882,000 "," $15,857 "
Denmark,1/1/2020," $6,000,000 "," $15,113 "
Denmark,1/1/2021," $8,805,000 "," $17,681 "
Denmark,1/1/2022," $8,756,000 "," $15,805 "
Denmark,1/1/2023," $8,301,000 "," $17,513 "
Italy,1/1/2014," $5,835,000 "," $5,800 "
Italy,1/1/2015," $5,998,000 "," $5,677 "
Italy,1/1/2016," $6,017,000 "," $3,878 "
Italy,1/1/2017," $6,108,000 "," $7,861 "
Italy,1/1/2018," $7,501,000 "," $6,103 "
Italy,1/1/2019," $7,340,000 "," $4,874 "
Italy,1/1/2020," $5,174,000 "," $6,294 "
Italy,1/1/2021," $6,962,000 "," $9,875 "
Italy,1/1/2022," $7,057,000 "," $11,512 "
Italy,1/1/2023," $7,825,000 "," $7,604 "
Azerbaijan,1/1/2014," $31,245,000 "," $5,743 "
Azerbaijan,1/1/2015," $19,502,000 "," $4,548 "
Azerbaijan,1/1/2016," $6,179,000 "," $5,430 "
Azerbaijan,1/1/2017," $10,233,000 "," $5,898 "
Azerbaijan,1/1/2018," $9,374,000 "," $6,857 "
Azerbaijan,1/1/2019," $9,510,000 "," $6,315 "
Azerbaijan,1/1/2020," $9,461,000 "," $6,972 "
Azerbaijan,1/1/2021," $8,492,000 "," $7,609 "
Azerbaijan,1/1/2022," $11,517,000 "," $6,470 "
Azerbaijan,1/1/2023," $6,605,000 "," $9,023 "
Ukraine,1/1/2014," $3,127,000 "," $10,895 "
Ukraine,1/1/2015," $2,743,000 "," $7,577 "
Ukraine,1/1/2016," $3,105,000 "," $7,941 "
Ukraine,1/1/2017," $5,056,000 "," $6,974 "
Ukraine,1/1/2018," $4,958,000 "," $6,820 "
Ukraine,1/1/2019," $4,962,000 "," $7,351 "
Ukraine,1/1/2020," $5,225,000 "," $7,090 "
Ukraine,1/1/2021," $6,099,000 "," $7,567 "
Ukraine,1/1/2022," $4,064,000 "," $8,647 "
Ukraine,1/1/2023," $5,321,000 "," $13,303 "
Mozambique,1/1/2014," $5,480,000 "," $1,342 "
Mozambique,1/1/2015," $522,000 "," $1,222 "
Mozambique,1/1/2016," $3,873,000 "," $1,238 "
Mozambique,1/1/2017," $2,633,000 "," $1,365 "
Mozambique,1/1/2018," $215,000 "," $1,034 "
Mozambique,1/1/2019," $4,747,000 "," $1,374 "
Mozambique,1/1/2020," $4,449,000 "," $1,389 "
Mozambique,1/1/2021," $6,221,000 "," $1,707 "
Mozambique,1/1/2022," $5,412,000 "," $1,846 "
Mozambique,1/1/2023," $4,932,000 "," $1,948 "
Australia,1/1/2014," $9,424,000 "," $6,799 "
Australia,1/1/2015," $5,948,000 "," $7,463 "
Australia,1/1/2016," $8,604,000 "," $6,543 "
Australia,1/1/2017," $9,011,000 "," $6,549 "
Australia,1/1/2018," $8,291,000 "," $6,967 "
Australia,1/1/2019," $8,437,000 "," $5,929 "
Australia,1/1/2020," $7,242,000 "," $5,780 "
Australia,1/1/2021," $8,267,000 "," $6,705 "
Australia,1/1/2022," $7,601,000 "," $7,051 "
Australia,1/1/2023," $4,845,000 "," $3,989 "
Jamaica,1/1/2014," $2,795,000 "," $5,799 "
Jamaica,1/1/2015," $1,866,000 "," $9,424 "
Jamaica,1/1/2016," $2,439,000 "," $12,637 "
Jamaica,1/1/2017," $4,260,000 "," $15,491 "
Jamaica,1/1/2018," $3,369,000 "," $11,082 "
Jamaica,1/1/2019," $3,103,000 "," $11,004 "
Jamaica,1/1/2020," $3,966,000 "," $10,956 "
Jamaica,1/1/2021," $3,535,000 "," $10,158 "
Jamaica,1/1/2022," $3,891,000 "," $9,876 "
Jamaica,1/1/2023," $4,454,000 "," $9,241 "
Saudi Arabia,1/1/2014," $15,593,000 "," $8,255 "
Saudi Arabia,1/1/2015," $15,396,000 "," $8,176 "
Saudi Arabia,1/1/2016," $14,389,000 "," $8,246 "
Saudi Arabia,1/1/2017," $15,108,000 "," $7,836 "
Saudi Arabia,1/1/2018," $19,673,000 "," $9,601 "
Saudi Arabia,1/1/2019," $13,134,000 "," $8,328 "
Saudi Arabia,1/1/2020," $15,787,000 "," $8,636 "
Saudi Arabia,1/1/2021," $13,472,000 "," $7,729 "
Saudi Arabia,1/1/2022," $10,358,000 "," $7,294 "
Saudi Arabia,1/1/2023," $4,211,000 ", $-   
Lithuania,1/1/2014," $8,361,000 "," $15,455 "
Lithuania,1/1/2015," $10,948,000 "," $9,578 "
Lithuania,1/1/2016," $5,221,000 "," $11,839 "
Lithuania,1/1/2017," $5,250,000 "," $12,500 "
Lithuania,1/1/2018," $4,828,000 "," $13,337 "
Lithuania,1/1/2019," $4,546,000 "," $11,538 "
Lithuania,1/1/2020," $4,479,000 "," $12,238 "
Lithuania,1/1/2021," $4,419,000 "," $14,730 "
Lithuania,1/1/2022," $3,246,000 "," $16,561 "
Lithuania,1/1/2023," $3,496,000 "," $23,622 "
Myanmar [Burma],1/1/2014," $1,182,000 ", $129 
Myanmar [Burma],1/1/2015," $910,000 ", $508 
Myanmar [Burma],1/1/2016," $1,163,000 ", $915 
Myanmar [Burma],1/1/2017," $2,328,000 ", $713 
Myanmar [Burma],1/1/2018," $2,982,000 ", $782 
Myanmar [Burma],1/1/2019," $2,440,000 ", $810 
Myanmar [Burma],1/1/2020," $2,269,000 ", $667 
Myanmar [Burma],1/1/2021," $2,593,000 ", $656 
Myanmar [Burma],1/1/2022," $3,879,000 ", $367 
Myanmar [Burma],1/1/2023," $3,195,000 ", $725 
Israel,1/1/2014," $3,108,000 ", $-   
Israel,1/1/2015," $2,225,000 "," $10,907 "
Israel,1/1/2016," $3,089,000 "," $11,835 "
Israel,1/1/2017," $1,801,000 "," $13,961 "
Israel,1/1/2018," $2,460,000 "," $13,155 "
Israel,1/1/2019," $3,095,000 "," $16,120 "
Israel,1/1/2020," $3,257,000 "," $14,161 "
Israel,1/1/2021," $3,232,000 "," $10,846 "
Israel,1/1/2022," $3,042,000 "," $12,570 "
Israel,1/1/2023," $2,329,000 "," $15,527 "
Ethiopia,1/1/2014," $2,104,000 "," $1,515 "
Ethiopia,1/1/2015," $1,995,000 "," $1,944 "
Ethiopia,1/1/2016," $3,849,000 "," $1,754 "
Ethiopia,1/1/2017," $3,731,000 "," $1,786 "
Ethiopia,1/1/2018," $2,877,000 "," $1,723 "
Ethiopia,1/1/2019," $2,105,000 "," $1,709 "
Ethiopia,1/1/2020," $3,235,000 "," $1,522 "
Ethiopia,1/1/2021," $2,425,000 "," $1,880 "
Ethiopia,1/1/2022," $1,749,000 "," $2,323 "
Ethiopia,1/1/2023," $2,311,000 "," $2,091 "
Portugal,1/1/2014," $3,272,000 "," $16,866 "
Portugal,1/1/2015," $2,364,000 "," $10,944 "
Portugal,1/1/2016," $2,403,000 "," $12,015 "
Portugal,1/1/2017," $3,059,000 "," $13,842 "
Portugal,1/1/2018," $3,841,000 "," $15,426 "
Portugal,1/1/2019," $2,021,000 "," $16,566 "
Portugal,1/1/2020," $1,776,000 "," $14,678 "
Portugal,1/1/2021," $2,178,000 "," $16,626 "
Portugal,1/1/2022," $2,074,000 "," $15,363 "
Portugal,1/1/2023," $2,209,000 "," $17,959 "
Colombia,1/1/2014," $1,140,000 "," $11,753 "
Colombia,1/1/2015," $976,000 "," $12,200 "
Colombia,1/1/2016," $1,256,000 "," $11,523 "
Colombia,1/1/2017," $1,601,000 "," $13,454 "
Colombia,1/1/2018," $1,778,000 "," $11,325 "
Colombia,1/1/2019," $2,170,000 "," $11,128 "
Colombia,1/1/2020," $2,489,000 "," $13,983 "
Colombia,1/1/2021," $2,639,000 "," $14,265 "
Colombia,1/1/2022," $2,170,000 "," $14,467 "
Colombia,1/1/2023," $2,143,000 "," $15,199 "
Georgia,1/1/2014," $2,329,000 "," $1,217 "
Georgia,1/1/2015," $1,744,000 "," $1,039 "
Georgia,1/1/2016," $1,276,000 ", $876 
Georgia,1/1/2017," $2,068,000 "," $1,001 "
Georgia,1/1/2018," $3,426,000 "," $1,722 "
Georgia,1/1/2019," $3,860,000 "," $1,947 "
Georgia,1/1/2020," $1,239,000 ", $811 
Georgia,1/1/2021," $1,803,000 ", $946 
Georgia,1/1/2022," $2,051,000 "," $1,141 "
Georgia,1/1/2023," $1,692,000 "," $1,267 "
Brazil,1/1/2014," $4,030,000 "," $9,016 "
Brazil,1/1/2015," $3,488,000 "," $8,742 "
Brazil,1/1/2016," $2,954,000 "," $8,049 "
Brazil,1/1/2017," $2,656,000 "," $8,947 "
Brazil,1/1/2018," $1,992,000 "," $8,775 "
Brazil,1/1/2019," $1,838,000 "," $6,086 "
Brazil,1/1/2020," $1,428,000 "," $6,209 "
Brazil,1/1/2021," $1,132,000 "," $6,360 "
Brazil,1/1/2022," $1,510,000 "," $7,156 "
Brazil,1/1/2023," $1,670,000 "," $7,952 "
Chile,1/1/2014," $3,709,000 "," $11,239 "
Chile,1/1/2015," $3,013,000 "," $12,100 "
Chile,1/1/2016," $3,842,000 "," $12,082 "
Chile,1/1/2017," $4,478,000 "," $13,171 "
Chile,1/1/2018," $4,447,000 "," $13,118 "
Chile,1/1/2019," $3,896,000 "," $13,207 "
Chile,1/1/2020," $3,186,000 "," $13,557 "
Chile,1/1/2021," $4,448,000 "," $4,430 "
Chile,1/1/2022," $1,756,000 "," $9,194 "
Chile,1/1/2023," $1,663,000 "," $18,685 "
Lesotho,1/1/2014," $82,000 "," $27,333 "
Lesotho,1/1/2015," $174,000 ", $-   
Lesotho,1/1/2016," $503,000 ", $-   
Lesotho,1/1/2017," $788,000 "," $78,800 "
Lesotho,1/1/2018," $428,000 "," $428,000 "
Lesotho,1/1/2019," $620,000 "," $4,460 "
Lesotho,1/1/2020," $455,000 "," $4,136 "
Lesotho,1/1/2021," $285,000 "," $3,393 "
Lesotho,1/1/2022," $702,000 "," $5,200 "
Lesotho,1/1/2023," $1,486,000 "," $5,483 "
New Zealand,1/1/2014," $1,669,000 "," $14,861 "
New Zealand,1/1/2015," $1,130,000 "," $10,089 "
New Zealand,1/1/2016," $1,302,000 "," $8,857 "
New Zealand,1/1/2017," $1,785,000 "," $13,321 "
New Zealand,1/1/2018," $1,142,000 "," $14,641 "
New Zealand,1/1/2019," $678,000 "," $9,686 "
New Zealand,1/1/2020," $1,206,000 "," $14,188 "
New Zealand,1/1/2021," $5,428,000 "," $11,930 "
New Zealand,1/1/2022," $2,166,000 "," $9,500 "
New Zealand,1/1/2023," $1,274,000 "," $10,617 "
Costa Rica,1/1/2014," $720,000 "," $9,600 "
Costa Rica,1/1/2015," $853,000 "," $9,478 "
Costa Rica,1/1/2016," $713,000 "," $8,590 "
Costa Rica,1/1/2017," $855,000 "," $9,607 "
Costa Rica,1/1/2018," $870,000 "," $10,235 "
Costa Rica,1/1/2019," $656,000 "," $10,250 "
Costa Rica,1/1/2020," $1,990,000 "," $10,051 "
Costa Rica,1/1/2021," $1,039,000 "," $13,152 "
Costa Rica,1/1/2022," $877,000 "," $19,065 "
Costa Rica,1/1/2023," $1,208,000 "," $17,507 "
Greece,1/1/2014," $724,000 "," $15,739 "
Greece,1/1/2015," $825,000 "," $13,306 "
Greece,1/1/2016," $850,000 "," $8,854 "
Greece,1/1/2017," $847,000 "," $2,135 "
Greece,1/1/2018," $1,548,000 "," $5,109 "
Greece,1/1/2019," $895,000 "," $1,929 "
Greece,1/1/2020," $638,000 "," $3,820 "
Greece,1/1/2021," $638,000 "," $5,407 "
Greece,1/1/2022," $625,000 "," $9,000 "
Greece,1/1/2023," $1,196,000 "," $3,613 "
Ecuador,1/1/2014," $1,365,000 "," $1,822 "
Ecuador,1/1/2015," $1,594,000 "," $1,920 "
Ecuador,1/1/2016," $1,341,000 "," $1,924 "
Ecuador,1/1/2017," $1,511,000 "," $1,978 "
Ecuador,1/1/2018," $1,440,000 "," $2,025 "
Ecuador,1/1/2019," $1,139,000 "," $1,927 "
Ecuador,1/1/2020," $1,337,000 "," $2,146 "
Ecuador,1/1/2021," $1,450,000 "," $2,449 "
Ecuador,1/1/2022," $1,290,000 "," $2,471 "
Ecuador,1/1/2023," $1,155,000 "," $2,278 "
Bangladesh,1/1/2015," $1,547,000 "," $2,695 "
Bangladesh,1/1/2016," $2,302,000 "," $3,298 "
Bangladesh,1/1/2017," $5,083,000 "," $2,365 "
Bangladesh,1/1/2018," $3,055,000 "," $3,229 "
Bangladesh,1/1/2019," $3,384,000 "," $3,845 "
Bangladesh,1/1/2020," $4,432,000 "," $1,993 "
Bangladesh,1/1/2021," $2,840,000 "," $3,253 "
Bangladesh,1/1/2022," $2,629,000 "," $3,064 "
Bangladesh,1/1/2023," $1,140,000 "," $4,597 "
Hungary,1/1/2014," $17,743,000 "," $16,490 "
Hungary,1/1/2015," $656,000 "," $16,400 "
Hungary,1/1/2016," $555,000 ", $-   
Hungary,1/1/2017," $642,000 ", $-   
Hungary,1/1/2018," $651,000 ", $-   
Hungary,1/1/2019," $871,000 ", $-   
Hungary,1/1/2020," $851,000 ", $-   
Hungary,1/1/2021," $1,135,000 ", $-   
Hungary,1/1/2022," $946,000 ", $-   
Hungary,1/1/2023," $1,086,000 ", $-   
Yemen,1/1/2014," $18,713,000 "," $3,497 "
Yemen,1/1/2015," $11,029,000 "," $6,812 "
Yemen,1/1/2016," $2,118,000 "," $7,992 "
Yemen,1/1/2017," $6,181,000 "," $8,456 "
Yemen,1/1/2018," $8,998,000 "," $8,225 "
Yemen,1/1/2019," $9,457,000 "," $8,474 "
Yemen,1/1/2020," $11,987,000 "," $8,724 "
Yemen,1/1/2021," $11,557,000 "," $8,644 "
Yemen,1/1/2022," $12,195,000 "," $9,149 "
Yemen,1/1/2023," $1,064,000 ", $-   
Finland,1/1/2014," $1,396,000 "," $7,977 "
Finland,1/1/2015," $465,000 "," $7,500 "
Finland,1/1/2016," $455,000 "," $6,691 "
Finland,1/1/2017," $461,000 "," $14,406 "
Finland,1/1/2018," $383,000 "," $20,158 "
Finland,1/1/2019," $477,000 "," $19,208 "
Finland,1/1/2020," $1,006,000 "," $13,781 "
Finland,1/1/2021," $1,405,000 "," $14,192 "
Finland,1/1/2022," $1,114,000 "," $15,054 "
Finland,1/1/2023," $1,035,000 "," $16,967 "
Estonia,1/1/2014," $563,000 "," $7,408 "
Estonia,1/1/2015," $557,000 "," $9,603 "
Estonia,1/1/2016," $501,000 "," $11,929 "
Estonia,1/1/2017," $365,000 "," $11,061 "
Estonia,1/1/2018," $427,000 "," $22,474 "
Estonia,1/1/2019," $386,000 "," $15,440 "
Estonia,1/1/2020," $360,000 "," $20,000 "
Estonia,1/1/2021," $709,000 "," $14,180 "
Estonia,1/1/2022," $1,072,000 "," $6,828 "
Estonia,1/1/2023," $1,005,000 "," $12,256 "
Slovakia,1/1/2014," $2,163,000 "," $54,075 "
Slovakia,1/1/2015," $2,782,000 "," $25,291 "
Slovakia,1/1/2016," $662,000 "," $15,395 "
Slovakia,1/1/2017," $653,000 "," $13,894 "
Slovakia,1/1/2018," $583,000 "," $16,194 "
Slovakia,1/1/2019," $369,000 "," $16,773 "
Slovakia,1/1/2020," $375,000 "," $13,393 "
Slovakia,1/1/2021," $597,000 "," $11,940 "
Slovakia,1/1/2022," $1,298,000 "," $10,468 "
Slovakia,1/1/2023," $917,000 "," $20,841 "
Kyrgyzstan,1/1/2014," $610,000 "," $2,118 "
Kyrgyzstan,1/1/2015," $529,000 "," $2,645 "
Kyrgyzstan,1/1/2016," $407,000 "," $2,437 "
Kyrgyzstan,1/1/2017," $780,000 "," $2,847 "
Kyrgyzstan,1/1/2018," $869,000 "," $2,897 "
Kyrgyzstan,1/1/2019," $586,000 "," $2,372 "
Kyrgyzstan,1/1/2020," $730,000 "," $2,005 "
Kyrgyzstan,1/1/2021," $277,000 "," $3,221 "
Kyrgyzstan,1/1/2022," $407,000 "," $2,191 "
Kyrgyzstan,1/1/2023," $850,000 "," $7,328 "
Luxembourg,1/1/2014," $369,000 "," $33,545 "
Luxembourg,1/1/2015," $618,000 "," $77,250 "
Luxembourg,1/1/2016," $1,464,000 "," $104,571 "
Luxembourg,1/1/2017," $2,346,000 "," $167,571 "
Luxembourg,1/1/2018," $788,000 "," $157,600 "
Luxembourg,1/1/2019," $482,000 "," $80,333 "
Luxembourg,1/1/2020," $732,000 "," $91,500 "
Luxembourg,1/1/2021," $1,692,000 "," $130,154 "
Luxembourg,1/1/2022," $1,196,000 "," $108,727 "
Luxembourg,1/1/2023," $779,000 "," $97,375 "
Croatia,1/1/2014," $604,000 "," $14,732 "
Croatia,1/1/2015," $569,000 "," $13,548 "
Croatia,1/1/2016," $458,000 "," $13,471 "
Croatia,1/1/2017," $511,000 "," $13,602 "
Croatia,1/1/2018," $517,000 "," $15,667 "
Croatia,1/1/2019," $688,000 "," $17,200 "
Croatia,1/1/2020," $701,000 "," $18,946 "
Croatia,1/1/2021," $868,000 "," $18,870 "
Croatia,1/1/2022," $817,000 "," $16,020 "
Croatia,1/1/2023," $762,000 "," $19,050 "
Armenia,1/1/2014," $150,000 "," $15,000 "
Armenia,1/1/2015," $258,000 "," $4,607 "
Armenia,1/1/2016," $82,000 "," $7,455 "
Armenia,1/1/2017," $98,000 "," $7,538 "
Armenia,1/1/2018," $87,000 "," $3,480 "
Armenia,1/1/2019," $55,000 "," $4,583 "
Armenia,1/1/2020," $65,000 "," $1,625 "
Armenia,1/1/2021," $129,000 "," $1,418 "
Armenia,1/1/2022," $843,000 "," $5,204 "
Armenia,1/1/2023," $714,000 "," $8,022 "
China,1/1/2014," $734,000 ", $-   
China,1/1/2015," $775,000 "," $3,507 "
China,1/1/2017," $866,000 ", $-   
China,1/1/2018," $378,000 "," $3,405 "
China,1/1/2021," $807,000 "," $4,225 "
China,1/1/2022," $1,058,000 "," $3,992 "
China,1/1/2023," $674,000 "," $4,186 "
Romania,1/1/2014," $1,031,000 "," $18,088 "
Romania,1/1/2015," $1,578,000 "," $13,150 "
Romania,1/1/2016," $1,896,000 "," $12,232 "
Romania,1/1/2017," $2,340,000 "," $13,120 "
Romania,1/1/2018," $2,680,000 "," $12,401 "
Romania,1/1/2019," $2,090,000 "," $11,676 "
Romania,1/1/2020," $1,695,000 "," $11,453 "
Romania,1/1/2021," $1,031,000 "," $14,319 "
Romania,1/1/2022," $610,000 "," $12,200 "
Romania,1/1/2023," $646,000 "," $14,043 "
Lebanon,1/1/2014," $2,053,000 "," $5,735 "
Lebanon,1/1/2015," $1,708,000 "," $6,234 "
Lebanon,1/1/2016," $1,832,000 "," $5,967 "
Lebanon,1/1/2017," $1,805,000 "," $6,636 "
Lebanon,1/1/2018," $3,666,000 "," $5,120 "
Lebanon,1/1/2019," $1,810,000 "," $3,591 "
Lebanon,1/1/2020," $1,306,000 "," $5,728 "
Lebanon,1/1/2021," $455,000 "," $5,909 "
Lebanon,1/1/2022," $702,000 "," $6,816 "
Lebanon,1/1/2023," $610,000 "," $2,785 "
Fiji,1/1/2014," $464,000 "," $5,728 "
Fiji,1/1/2015," $311,000 "," $5,655 "
Fiji,1/1/2016," $314,000 "," $4,486 "
Fiji,1/1/2017," $324,000 "," $4,208 "
Fiji,1/1/2018," $481,000 "," $6,013 "
Fiji,1/1/2019," $519,000 "," $4,553 "
Fiji,1/1/2020," $523,000 "," $5,337 "
Fiji,1/1/2021," $413,000 "," $5,986 "
Fiji,1/1/2022," $515,000 "," $3,732 "
Fiji,1/1/2023," $577,000 "," $4,769 "
Senegal,1/1/2014," $4,929,000 "," $1,848 "
Senegal,1/1/2015," $2,977,000 "," $1,389 "
Senegal,1/1/2016," $631,000 "," $1,454 "
Senegal,1/1/2017," $993,000 ", $886 
Senegal,1/1/2018," $2,539,000 ", $926 
Senegal,1/1/2019," $956,000 ", $892 
Senegal,1/1/2020," $1,094,000 ", $877 
Senegal,1/1/2021," $1,285,000 "," $1,068 "
Senegal,1/1/2022," $2,638,000 "," $2,198 "
Senegal,1/1/2023," $568,000 ", $709 
Serbia,1/1/2014," $431,000 "," $9,578 "
Serbia,1/1/2015," $347,000 "," $8,897 "
Serbia,1/1/2016," $632,000 "," $8,427 "
Serbia,1/1/2017," $431,000 "," $7,431 "
Serbia,1/1/2018," $637,000 "," $8,726 "
Serbia,1/1/2019," $455,000 "," $10,111 "
Serbia,1/1/2020," $447,000 "," $8,596 "
Serbia,1/1/2021," $445,000 "," $8,725 "
Serbia,1/1/2022," $554,000 "," $7,803 "
Serbia,1/1/2023," $557,000 "," $8,703 "
Bulgaria,1/1/2014," $193,000 "," $2,969 "
Bulgaria,1/1/2015," $777,000 "," $4,491 "
Bulgaria,1/1/2016," $2,623,000 "," $5,569 "
Bulgaria,1/1/2017," $3,458,000 "," $5,931 "
Bulgaria,1/1/2018," $4,600,000 "," $5,779 "
Bulgaria,1/1/2019," $2,799,000 "," $6,019 "
Bulgaria,1/1/2020," $646,000 "," $12,920 "
Bulgaria,1/1/2021," $488,000 "," $25,684 "
Bulgaria,1/1/2022," $504,000 "," $12,600 "
Bulgaria,1/1/2023," $549,000 "," $19,607 "
Ghana,1/1/2014," $99,000 "," $1,151 "
Ghana,1/1/2015," $41,000 "," $10,250 "
Ghana,1/1/2016," $14,000 "," $4,667 "
Ghana,1/1/2017," $310,000 "," $4,493 "
Ghana,1/1/2018," $48,000 "," $1,548 "
Ghana,1/1/2019," $97,000 "," $10,778 "
Ghana,1/1/2021," $1,707,000 "," $6,053 "
Ghana,1/1/2022," $723,000 "," $3,670 "
Ghana,1/1/2023," $511,000 "," $3,234 "
Mexico,1/1/2014," $285,000 ", $-   
Mexico,1/1/2015," $662,000 "," $13,510 "
Mexico,1/1/2016," $465,000 "," $13,286 "
Mexico,1/1/2017," $640,000 "," $11,636 "
Mexico,1/1/2018," $771,000 "," $12,238 "
Mexico,1/1/2019," $1,106,000 ", $-   
Mexico,1/1/2020," $2,240,000 ", $-   
Mexico,1/1/2021," $849,000 ", $-   
Mexico,1/1/2022," $739,000 ", $-   
Mexico,1/1/2023," $466,000 ", $-   
Trinidad and Tobago,1/1/2014," $985,000 "," $17,909 "
Trinidad and Tobago,1/1/2015," $972,000 "," $10,021 "
Trinidad and Tobago,1/1/2016," $908,000 "," $7,761 "
Trinidad and Tobago,1/1/2017," $926,000 "," $6,662 "
Trinidad and Tobago,1/1/2018," $1,374,000 "," $6,905 "
Trinidad and Tobago,1/1/2019," $1,096,000 "," $6,807 "
Trinidad and Tobago,1/1/2020," $958,000 "," $3,257 "
Trinidad and Tobago,1/1/2021," $666,000 "," $13,059 "
Trinidad and Tobago,1/1/2022," $676,000 "," $9,797 "
Trinidad and Tobago,1/1/2023," $459,000 "," $7,914 "
Slovenia,1/1/2014," $286,000 "," $14,300 "
Slovenia,1/1/2015," $135,000 "," $16,875 "
Slovenia,1/1/2016," $139,000 "," $17,375 "
Slovenia,1/1/2017," $203,000 "," $14,500 "
Slovenia,1/1/2018," $184,000 "," $15,333 "
Slovenia,1/1/2019," $261,000 "," $17,400 "
Slovenia,1/1/2020," $299,000 "," $18,688 "
Slovenia,1/1/2021," $346,000 "," $20,353 "
Slovenia,1/1/2022," $517,000 "," $24,619 "
Slovenia,1/1/2023," $444,000 "," $27,750 "
Mauritius,1/1/2014," $432,000 "," $8,308 "
Mauritius,1/1/2015," $294,000 "," $7,171 "
Mauritius,1/1/2016," $335,000 "," $8,171 "
Mauritius,1/1/2017," $392,000 "," $8,340 "
Mauritius,1/1/2018," $330,000 "," $10,000 "
Mauritius,1/1/2019," $308,000 "," $9,059 "
Mauritius,1/1/2020," $526,000 "," $11,191 "
Mauritius,1/1/2021," $774,000 "," $10,320 "
Mauritius,1/1/2022," $22,000 "," $9,121 "
Mauritius,1/1/2023," $441,000 "," $22,050 "
Laos,1/1/2014," $97,000 ", $-   
Laos,1/1/2015," $521,000 "," $11,085 "
Laos,1/1/2016," $593,000 "," $10,589 "
Laos,1/1/2017," $690,000 "," $14,082 "
Laos,1/1/2018," $886,000 "," $18,458 "
Laos,1/1/2019," $1,516,000 "," $15,509 "
Laos,1/1/2020," $1,326,000 "," $5,745 "
Laos,1/1/2021," $3,767,000 "," $2,842 "
Laos,1/1/2022," $758,000 "," $8,517 "
Laos,1/1/2023," $368,000 "," $9,436 "
Togo,1/1/2014," $597,000 "," $3,618 "
Togo,1/1/2015," $367,000 "," $2,603 "
Togo,1/1/2016," $432,000 "," $3,661 "
Togo,1/1/2017," $196,000 "," $3,063 "
Togo,1/1/2018," $211,000 "," $2,198 "
Togo,1/1/2019," $158,000 "," $1,756 "
Togo,1/1/2020," $160,000 "," $3,137 "
Togo,1/1/2021," $158,000 "," $13,167 "
Togo,1/1/2022," $259,000 ", $245 
Togo,1/1/2023," $319,000 ", $270 
Niger,1/1/2014," $1,441,000 ", $554 
Niger,1/1/2015," $2,504,000 ", $742 
Niger,1/1/2016," $5,827,000 ", $922 
Niger,1/1/2017," $4,790,000 ", $995 
Niger,1/1/2018," $7,707,000 "," $1,250 "
Niger,1/1/2019," $3,649,000 "," $1,322 "
Niger,1/1/2020," $2,836,000 "," $1,674 "
Niger,1/1/2021," $659,000 ", $466 
Niger,1/1/2022," $503,000 ", $293 
Niger,1/1/2023," $281,000 ", $291 
Syria,1/1/2014," $57,000 "," $3,167 "
Syria,1/1/2015," $118,000 "," $3,806 "
Syria,1/1/2016," $263,000 "," $3,410 "
Syria,1/1/2017," $573,000 "," $3,795 "
Syria,1/1/2018," $448,000 "," $4,036 "
Syria,1/1/2019," $333,000 "," $3,784 "
Syria,1/1/2020," $254,000 "," $2,988 "
Syria,1/1/2021," $356,000 "," $3,327 "
Syria,1/1/2022," $212,000 "," $2,789 "
Syria,1/1/2023," $269,000 "," $4,410 "
Papua New Guinea,1/1/2019," $1,503,000 "," $2,678 "
Papua New Guinea,1/1/2020," $951,000 "," $3,088 "
Papua New Guinea,1/1/2021," $1,001,000 "," $3,061 "
Papua New Guinea,1/1/2022," $344,000 "," $1,529 "
Papua New Guinea,1/1/2023," $265,000 "," $1,118 "
Bahrain,1/1/2014," $142,000 "," $7,100 "
Bahrain,1/1/2015," $22,000 "," $2,750 "
Bahrain,1/1/2016," $168,000 "," $3,818 "
Bahrain,1/1/2017," $635,000 "," $14,767 "
Bahrain,1/1/2018," $138,000 "," $8,118 "
Bahrain,1/1/2019," $249,000 "," $7,114 "
Bahrain,1/1/2020," $110,000 "," $9,167 "
Bahrain,1/1/2021," $267,000 "," $4,108 "
Bahrain,1/1/2022," $64,000 "," $2,370 "
Bahrain,1/1/2023," $236,000 "," $11,800 "
Sierra Leone,1/1/2019," $552,000 "," $3,191 "
Sierra Leone,1/1/2020," $271,000 "," $8,469 "
Sierra Leone,1/1/2021," $245,000 "," $7,206 "
Sierra Leone,1/1/2022," $431,000 "," $3,716 "
Sierra Leone,1/1/2023," $192,000 "," $6,857 "
Benin,1/1/2015," $12,000 ", $545 
Benin,1/1/2018," $261,000 ", $88 
Benin,1/1/2023," $183,000 "," $2,473 "
Moldova,1/1/2014," $365,000 "," $15,870 "
Moldova,1/1/2015," $1,036,000 "," $11,261 "
Moldova,1/1/2016," $1,337,000 "," $12,733 "
Moldova,1/1/2017," $1,810,000 "," $13,507 "
Moldova,1/1/2018," $2,038,000 "," $13,408 "
Moldova,1/1/2019," $1,315,000 "," $13,698 "
Moldova,1/1/2020," $693,000 "," $13,075 "
Moldova,1/1/2021," $506,000 "," $13,676 "
Moldova,1/1/2022," $173,000 "," $17,300 "
Moldova,1/1/2023," $181,000 "," $12,067 "
Côte d'Ivoire,1/1/2014," $1,014,000 "," $2,426 "
Côte d'Ivoire,1/1/2015," $358,000 "," $1,252 "
Côte d'Ivoire,1/1/2016," $190,000 ", $936 
Côte d'Ivoire,1/1/2017," $130,000 ", $634 
Côte d'Ivoire,1/1/2018," $104,000 ", $518 
Côte d'Ivoire,1/1/2019," $140,000 ", $502 
Côte d'Ivoire,1/1/2020," $282,000 ", $786 
Côte d'Ivoire,1/1/2021," $117,000 ", $387 
Côte d'Ivoire,1/1/2022," $136,000 ", $212 
Côte d'Ivoire,1/1/2023," $176,000 ", $250 
Montenegro,1/1/2014," $74,000 "," $3,895 "
Montenegro,1/1/2015," $29,000 "," $2,071 "
Montenegro,1/1/2016," $29,000 "," $2,071 "
Montenegro,1/1/2017," $23,000 "," $1,769 "
Montenegro,1/1/2018," $12,000 "," $2,000 "
Montenegro,1/1/2019," $23,000 "," $2,091 "
Montenegro,1/1/2020," $77,000 "," $3,667 "
Montenegro,1/1/2021," $1,000 ", $-   
Montenegro,1/1/2022," $113,000 "," $8,692 "
Montenegro,1/1/2023," $174,000 "," $12,429 "
Norway,1/1/2014," $377,000 "," $16,391 "
Norway,1/1/2015," $685,000 "," $26,346 "
Norway,1/1/2016," $536,000 "," $25,524 "
Norway,1/1/2017," $493,000 "," $17,000 "
Norway,1/1/2018," $156,000 "," $9,750 "
Norway,1/1/2019," $112,000 "," $10,182 "
Norway,1/1/2020," $76,000 "," $10,857 "
Norway,1/1/2021," $155,000 "," $11,071 "
Norway,1/1/2022," $64,000 "," $10,667 "
Norway,1/1/2023," $156,000 "," $12,000 "
Oman,1/1/2014," $6,907,000 "," $2,766 "
Oman,1/1/2015," $5,926,000 "," $3,072 "
Oman,1/1/2016," $5,611,000 "," $5,191 "
Oman,1/1/2017," $18,183,000 "," $4,739 "
Oman,1/1/2018," $4,032,000 "," $2,110 "
Oman,1/1/2019," $4,077,000 "," $1,528 "
Oman,1/1/2020," $3,831,000 "," $1,987 "
Oman,1/1/2021," $8,722,000 "," $1,922 "
Oman,1/1/2022," $4,341,000 "," $4,565 "
Oman,1/1/2023," $154,000 ", $-   
Guatemala,1/1/2014," $198,000 "," $1,253 "
Guatemala,1/1/2015," $142,000 "," $1,084 "
Guatemala,1/1/2016," $241,000 "," $1,470 "
Guatemala,1/1/2017," $227,000 "," $1,610 "
Guatemala,1/1/2018," $241,000 "," $1,772 "
Guatemala,1/1/2019," $240,000 "," $1,481 "
Guatemala,1/1/2020," $225,000 "," $1,415 "
Guatemala,1/1/2021," $239,000 "," $1,414 "
Guatemala,1/1/2022," $282,000 "," $1,689 "
Guatemala,1/1/2023," $150,000 "," $1,923 "
Iraq,1/1/2017," $203,000 "," $3,980 "
Iraq,1/1/2019," $7,000 "," $1,400 "
Iraq,1/1/2020," $10,000 "," $2,500 "
Iraq,1/1/2021," $347,000 "," $4,887 "
Iraq,1/1/2022," $128,000 "," $6,095 "
Iraq,1/1/2023," $136,000 "," $5,037 "
Saint Lucia,1/1/2014," $8,000 "," $2,667 "
Saint Lucia,1/1/2015," $10,000 "," $3,333 "
Saint Lucia,1/1/2016," $6,000 "," $3,000 "
Saint Lucia,1/1/2017," $6,000 "," $3,000 "
Saint Lucia,1/1/2018," $4,000 "," $2,000 "
Saint Lucia,1/1/2019," $5,000 "," $2,500 "
Saint Lucia,1/1/2020," $1,000 "," $1,000 "
Saint Lucia,1/1/2021," $4,000 ", $-   
Saint Lucia,1/1/2022," $35,000 ", $-   
Saint Lucia,1/1/2023," $131,000 "," $131,000 "
Uzbekistan,1/1/2017," $68,000 "," $3,238 "
Uzbekistan,1/1/2018," $52,000 "," $2,600 "
Uzbekistan,1/1/2019," $94,000 "," $2,474 "
Uzbekistan,1/1/2020," $197,000 "," $1,698 "
Uzbekistan,1/1/2021," $286,000 "," $1,402 "
Uzbekistan,1/1/2022," $499,000 "," $1,883 "
Uzbekistan,1/1/2023," $113,000 "," $1,712 "
Albania,1/1/2016," $4,000 ", $-   
Albania,1/1/2019," $25,000 ", $-   
Albania,1/1/2020," $87,000 ", $-   
Albania,1/1/2021," $42,000 "," $10,500 "
Albania,1/1/2023," $112,000 "," $12,444 "
Panama,1/1/2014," $91,000 "," $7,583 "
Panama,1/1/2015," $40,000 "," $6,667 "
Panama,1/1/2016," $79,000 "," $7,182 "
Panama,1/1/2017," $296,000 "," $24,667 "
Panama,1/1/2018," $32,000 "," $5,333 "
Panama,1/1/2019," $42,000 "," $3,000 "
Panama,1/1/2020," $54,000 "," $10,800 "
Panama,1/1/2021," $80,000 "," $8,889 "
Panama,1/1/2022," $43,000 "," $10,750 "
Panama,1/1/2023," $98,000 "," $8,167 "
Zambia,1/1/2014," $11,000 "," $5,500 "
Zambia,1/1/2015," $3,000 ", $-   
Zambia,1/1/2016," $28,000 "," $9,333 "
Zambia,1/1/2017," $33,000 ", $917 
Zambia,1/1/2018," $17,000 "," $3,400 "
Zambia,1/1/2019," $17,000 "," $1,545 "
Zambia,1/1/2020," $147,000 "," $2,410 "
Zambia,1/1/2021," $68,000 "," $1,388 "
Zambia,1/1/2022," $217,000 "," $1,107 "
Zambia,1/1/2023," $83,000 ", $313 
Kuwait,1/1/2014," $3,806,000 "," $3,924 "
Kuwait,1/1/2015," $3,048,000 "," $5,896 "
Kuwait,1/1/2016," $2,009,000 "," $4,749 "
Kuwait,1/1/2017," $4,196,000 "," $5,820 "
Kuwait,1/1/2018," $3,868,000 "," $5,978 "
Kuwait,1/1/2019," $246,000 "," $5,721 "
Kuwait,1/1/2020," $3,113,000 "," $5,896 "
Kuwait,1/1/2021," $1,895,000 "," $2,929 "
Kuwait,1/1/2022," $1,149,000 "," $4,240 "
Kuwait,1/1/2023," $77,000 "," $1,481 "
Philippines,1/1/2014," $81,000 "," $6,750 "
Philippines,1/1/2015," $47,000 "," $4,700 "
Philippines,1/1/2016," $16,000 "," $16,000 "
Philippines,1/1/2017," $132,000 "," $5,500 "
Philippines,1/1/2018," $37,000 "," $18,500 "
Philippines,1/1/2019," $123,000 "," $4,241 "
Philippines,1/1/2020," $189,000 "," $4,974 "
Philippines,1/1/2021," $104,000 "," $3,852 "
Philippines,1/1/2022," $166,000 "," $6,640 "
Philippines,1/1/2023," $71,000 "," $7,100 "
Macedonia [FYROM],1/1/2014," $128,000 "," $21,333 "
Macedonia [FYROM],1/1/2015," $168,000 "," $15,273 "
Macedonia [FYROM],1/1/2016," $82,000 "," $16,400 "
Macedonia [FYROM],1/1/2017," $64,000 "," $9,143 "
Macedonia [FYROM],1/1/2018," $46,000 "," $15,333 "
Macedonia [FYROM],1/1/2019," $58,000 "," $11,600 "
Macedonia [FYROM],1/1/2020," $75,000 "," $3,947 "
Macedonia [FYROM],1/1/2021," $76,000 "," $6,909 "
Macedonia [FYROM],1/1/2022," $75,000 "," $4,688 "
Macedonia [FYROM],1/1/2023," $70,000 "," $7,778 "
Algeria,1/1/2016," $2,000 ", $-   
Algeria,1/1/2017," $4,000 "," $4,000 "
Algeria,1/1/2018," $17,000 "," $2,833 "
Algeria,1/1/2019," $15,000 "," $5,000 "
Algeria,1/1/2020," $6,000 "," $1,000 "
Algeria,1/1/2021," $30,000 "," $3,333 "
Algeria,1/1/2022," $47,000 "," $23,500 "
Algeria,1/1/2023," $60,000 "," $3,333 "
El Salvador,1/1/2014," $34,000 "," $8,500 "
El Salvador,1/1/2015," $43,000 "," $5,375 "
El Salvador,1/1/2016," $39,000 "," $9,750 "
El Salvador,1/1/2017," $147,000 "," $29,400 "
El Salvador,1/1/2018," $20,000 "," $20,000 "
El Salvador,1/1/2019," $99,000 "," $4,500 "
El Salvador,1/1/2020," $10,000 "," $10,000 "
El Salvador,1/1/2021," $49,000 "," $8,167 "
El Salvador,1/1/2022," $55,000 "," $7,857 "
El Salvador,1/1/2023," $47,000 "," $9,400 "
Barbados,1/1/2014," $42,000 "," $21,000 "
Barbados,1/1/2015," $48,000 "," $16,000 "
Barbados,1/1/2016," $114,000 "," $11,400 "
Barbados,1/1/2017," $33,000 "," $11,000 "
Barbados,1/1/2018," $39,000 "," $19,500 "
Barbados,1/1/2019," $38,000 "," $19,000 "
Barbados,1/1/2020," $36,000 "," $18,000 "
Barbados,1/1/2021," $30,000 "," $15,000 "
Barbados,1/1/2022," $6,000 "," $6,000 "
Barbados,1/1/2023," $45,000 "," $15,000 "
Cayman Islands,1/1/2022," $3,000 ", $-   
Cayman Islands,1/1/2023," $40,000 "," $2,857 "
Mali,1/1/2016," $208,000 ", $159 
Mali,1/1/2017," $381,000 ", $188 
Mali,1/1/2018," $143,000 ", $246 
Mali,1/1/2019," $349,000 ", $829 
Mali,1/1/2020," $215,000 ", $596 
Mali,1/1/2021," $212,000 ", $565 
Mali,1/1/2022," $315,000 ", $754 
Mali,1/1/2023," $36,000 ", $720 
Cambodia,1/1/2015," $1,000 ", $-   
Cambodia,1/1/2016," $1,000 ", $-   
Cambodia,1/1/2017," $21,000 "," $10,500 "
Cambodia,1/1/2018," $10,000 "," $10,000 "
Cambodia,1/1/2019," $4,000 "," $4,000 "
Cambodia,1/1/2020," $1,000 ", $-   
Cambodia,1/1/2021," $2,000 ", $-   
Cambodia,1/1/2022," $6,000 ", $-   
Cambodia,1/1/2023," $35,000 "," $35,000 "
Djibouti,1/1/2021," $199,000 ", $3 
Djibouti,1/1/2022," $281,000 ", $3 
Djibouti,1/1/2023," $32,000 ", $2 
Nigeria,1/1/2014," $1,000 ", $-   
Nigeria,1/1/2015," $1,543,000 ", $-   
Nigeria,1/1/2017," $19,000 ", $-   
Nigeria,1/1/2018," $327,000 "," $3,028 "
Nigeria,1/1/2019," $94,000 "," $3,917 "
Nigeria,1/1/2023," $31,000 "," $2,583 "
Tajikistan,1/1/2015," $2,000 "," $1,000 "
Tajikistan,1/1/2016," $43,000 ", $729 
Tajikistan,1/1/2017," $30,000 "," $1,429 "
Tajikistan,1/1/2018," $1,000 ", $-   
Tajikistan,1/1/2019," $20,000 ", $488 
Tajikistan,1/1/2020," $25,000 "," $1,000 "
Tajikistan,1/1/2022," $60,000 ", $833 
Tajikistan,1/1/2023," $31,000 "," $1,107 "
Bosnia and Herzegovina,1/1/2014," $5,000 ", $-   
Bosnia and Herzegovina,1/1/2015," $6,000 "," $6,000 "
Bosnia and Herzegovina,1/1/2016," $12,000 "," $12,000 "
Bosnia and Herzegovina,1/1/2017," $7,000 "," $7,000 "
Bosnia and Herzegovina,1/1/2018," $9,000 "," $9,000 "
Bosnia and Herzegovina,1/1/2019," $19,000 "," $19,000 "
Bosnia and Herzegovina,1/1/2020," $257,000 "," $25,700 "
Bosnia and Herzegovina,1/1/2021," $47,000 "," $23,500 "
Bosnia and Herzegovina,1/1/2022," $57,000 "," $57,000 "
Bosnia and Herzegovina,1/1/2023," $27,000 "," $27,000 "
British Indian Ocean Territory,1/1/2021," $39,000 "," $2,786 "
British Indian Ocean Territory,1/1/2023," $26,000 "," $4,333 "
Belarus,1/1/2014," $207,000 "," $8,625 "
Belarus,1/1/2015," $171,000 "," $3,977 "
Belarus,1/1/2016," $268,000 "," $1,775 "
Belarus,1/1/2017," $323,000 "," $1,785 "
Belarus,1/1/2018," $585,000 ", $-   
Belarus,1/1/2019," $986,000 "," $2,000 "
Belarus,1/1/2020," $2,146,000 "," $2,936 "
Belarus,1/1/2021," $3,540,000 "," $3,275 "
Belarus,1/1/2022," $155,000 "," $5,741 "
Belarus,1/1/2023," $25,000 "," $8,333 "
Bhutan,1/1/2016," $11,000 ", $-   
Bhutan,1/1/2017," $18,000 "," $18,000 "
Bhutan,1/1/2018," $9,000 "," $9,000 "
Bhutan,1/1/2019," $14,000 "," $7,000 "
Bhutan,1/1/2020," $15,000 "," $1,364 "
Bhutan,1/1/2021," $10,000 "," $10,000 "
Bhutan,1/1/2022," $18,000 "," $6,000 "
Bhutan,1/1/2023," $24,000 "," $12,000 "
Mongolia,1/1/2014," $14,000 "," $14,000 "
Mongolia,1/1/2015," $18,000 "," $1,000 "
Mongolia,1/1/2016," $49,000 "," $7,000 "
Mongolia,1/1/2017," $63,000 "," $5,727 "
Mongolia,1/1/2018," $73,000 "," $4,294 "
Mongolia,1/1/2019," $24,000 "," $4,000 "
Mongolia,1/1/2020," $8,000 "," $2,667 "
Mongolia,1/1/2021," $11,000 "," $5,500 "
Mongolia,1/1/2022," $22,000 "," $11,000 "
Mongolia,1/1/2023," $23,000 "," $11,500 "
Somalia,1/1/2014," $9,000 "," $4,500 "
Somalia,1/1/2018," $5,000 "," $5,000 "
Somalia,1/1/2019," $1,000 ", $-   
Somalia,1/1/2022," $18,000 ", $-   
Somalia,1/1/2023," $20,000 ", $-   
Samoa,1/1/2018," $2,000 "," $2,000 "
Samoa,1/1/2022," $6,000 "," $6,000 "
Samoa,1/1/2023," $20,000 "," $20,000 "
Haiti,1/1/2017," $8,000 ", $-   
Haiti,1/1/2019," $1,000 ", $-   
Haiti,1/1/2020," $7,000 "," $7,000 "
Haiti,1/1/2021," $37,000 "," $37,000 "
Haiti,1/1/2022," $52,000 "," $10,400 "
Haiti,1/1/2023," $19,000 "," $9,500 "
Tunisia,1/1/2014," $100,000 "," $4,762 "
Tunisia,1/1/2015," $25,000 "," $8,333 "
Tunisia,1/1/2016," $35,000 "," $17,500 "
Tunisia,1/1/2017," $21,000 "," $21,000 "
Tunisia,1/1/2018," $6,000 ", $-   
Tunisia,1/1/2019," $6,000 ", $-   
Tunisia,1/1/2020," $7,000 ", $-   
Tunisia,1/1/2021," $4,000 ", $-   
Tunisia,1/1/2022," $11,000 "," $11,000 "
Tunisia,1/1/2023," $17,000 "," $8,500 "
Saint Kitts and Nevis,1/1/2018," $4,000 "," $4,000 "
Saint Kitts and Nevis,1/1/2019," $9,000 "," $4,500 "
Saint Kitts and Nevis,1/1/2020," $9,000 "," $3,000 "
Saint Kitts and Nevis,1/1/2021," $2,000 ", $-   
Saint Kitts and Nevis,1/1/2022," $177,000 "," $2,269 "
Saint Kitts and Nevis,1/1/2023," $15,000 "," $15,000 "
Bouvet Island,1/1/2017," $26,000 ", $-   
Bouvet Island,1/1/2018," $24,000 "," $3,429 "
Bouvet Island,1/1/2019," $37,000 ", $-   
Bouvet Island,1/1/2020," $101,000 "," $8,417 "
Bouvet Island,1/1/2021," $23,000 "," $2,091 "
Bouvet Island,1/1/2022," $61,000 "," $5,545 "
Bouvet Island,1/1/2023," $15,000 "," $5,000 "
Paraguay,1/1/2014," $182,000 "," $5,200 "
Paraguay,1/1/2015," $194,000 "," $4,128 "
Paraguay,1/1/2016," $151,000 "," $4,314 "
Paraguay,1/1/2017," $83,000 "," $8,300 "
Paraguay,1/1/2018," $4,000 "," $4,000 "
Paraguay,1/1/2019," $9,000 "," $9,000 "
Paraguay,1/1/2020," $15,000 "," $15,000 "
Paraguay,1/1/2021," $10,000 "," $10,000 "
Paraguay,1/1/2022," $6,000 "," $6,000 "
Paraguay,1/1/2023," $15,000 "," $7,500 "
Cameroon,1/1/2014," $24,000 "," $1,600 "
Cameroon,1/1/2015," $38,000 "," $12,667 "
Cameroon,1/1/2016," $45,000 "," $2,143 "
Cameroon,1/1/2017," $13,000 "," $1,182 "
Cameroon,1/1/2018," $20,000 "," $4,000 "
Cameroon,1/1/2019," $3,000 "," $3,000 "
Cameroon,1/1/2020," $1,000 ", $-   
Cameroon,1/1/2021," $2,000 "," $1,000 "
Cameroon,1/1/2022," $288,000 "," $1,973 "
Cameroon,1/1/2023," $15,000 "," $15,000 "
Congo [Republic],1/1/2014," $8,000 ", $-   
Congo [Republic],1/1/2015," $32,000 "," $2,667 "
Congo [Republic],1/1/2016," $1,000 ", $-   
Congo [Republic],1/1/2018," $1,000 ", $-   
Congo [Republic],1/1/2022," $1,000 ", $-   
Congo [Republic],1/1/2023," $15,000 "," $15,000 "
Kiribati,1/1/2022," $7,000 "," $2,333 "
Kiribati,1/1/2023," $13,000 "," $6,500 "
Afghanistan,1/1/2020," $50,000 "," $7,143 "
Afghanistan,1/1/2021," $81,000 "," $4,050 "
Afghanistan,1/1/2022," $16,000 "," $16,000 "
Afghanistan,1/1/2023," $12,000 "," $6,000 "
Timor-Leste,1/1/2017," $5,000 ", $-   
Timor-Leste,1/1/2019," $9,000 ", $-   
Timor-Leste,1/1/2020," $4,000 ", $-   
Timor-Leste,1/1/2021," $10,000 ", $-   
Timor-Leste,1/1/2022," $6,000 ", $-   
Timor-Leste,1/1/2023," $12,000 ", $-   
Venezuela,1/1/2014," $11,000 "," $1,833 "
Venezuela,1/1/2015," $34,000 ", $-   
Venezuela,1/1/2017," $3,000 ", $-   
Venezuela,1/1/2018," $10,000 ", $-   
Venezuela,1/1/2019," $8,000 ", $-   
Venezuela,1/1/2020," $54,000 "," $2,160 "
Venezuela,1/1/2021," $17,000 "," $5,667 "
Venezuela,1/1/2022," $6,000 ", $857 
Venezuela,1/1/2023," $10,000 "," $2,000 "
Brunei,1/1/2014," $1,000 ", $-   
Brunei,1/1/2016," $35,000 "," $11,667 "
Brunei,1/1/2017," $12,000 "," $12,000 "
Brunei,1/1/2018," $16,000 "," $8,000 "
Brunei,1/1/2019," $7,000 "," $1,000 "
Brunei,1/1/2020," $13,000 "," $13,000 "
Brunei,1/1/2021," $23,000 "," $23,000 "
Brunei,1/1/2022," $15,000 "," $7,500 "
Brunei,1/1/2023," $9,000 "," $9,000 "
Saint Helena,1/1/2014," $4,000 ", $-   
Saint Helena,1/1/2023," $7,000 "," $7,000 "
Turkmenistan,1/1/2018," $11,000 ", $550 
Turkmenistan,1/1/2019," $22,000 ", $550 
Turkmenistan,1/1/2020," $30,000 "," $1,200 "
Turkmenistan,1/1/2022," $77,000 ", $963 
Turkmenistan,1/1/2023," $6,000 ", $-   
Burkina Faso,1/1/2014," $3,000 ", $-   
Burkina Faso,1/1/2016," $45,000 "," $9,000 "
Burkina Faso,1/1/2017," $1,000 ", $-   
Burkina Faso,1/1/2018," $1,000 ", $-   
Burkina Faso,1/1/2020," $6,000 ", $333 
Burkina Faso,1/1/2021," $7,000 ", $438 
Burkina Faso,1/1/2022," $55,000 ", $679 
Burkina Faso,1/1/2023," $6,000 "," $1,500 "
Cyprus,1/1/2015," $4,000 ", $-   
Cyprus,1/1/2016," $7,000 ", $-   
Cyprus,1/1/2017," $16,000 "," $16,000 "
Cyprus,1/1/2018," $18,000 "," $9,000 "
Cyprus,1/1/2019," $8,000 "," $8,000 "
Cyprus,1/1/2020," $370,000 "," $92,500 "
Cyprus,1/1/2021," $6,000 "," $6,000 "
Cyprus,1/1/2022," $3,000 ", $-   
Cyprus,1/1/2023," $6,000 "," $6,000 "
Namibia,1/1/2014," $107,000 "," $1,597 "
Namibia,1/1/2015," $181,000 ", $774 
Namibia,1/1/2016," $36,000 "," $4,000 "
Namibia,1/1/2017," $77,000 "," $6,417 "
Namibia,1/1/2018," $9,000 ", $-   
Namibia,1/1/2019," $8,000 "," $8,000 "
Namibia,1/1/2020," $3,000 ", $-   
Namibia,1/1/2021," $4,000 ", $-   
Namibia,1/1/2022," $3,000 "," $3,000 "
Namibia,1/1/2023," $6,000 "," $6,000 "
Qatar,1/1/2014," $788,000 "," $10,103 "
Qatar,1/1/2015," $313,000 "," $9,206 "
Qatar,1/1/2017," $13,000 ", $-   
Qatar,1/1/2018," $386,000 ", $-   
Qatar,1/1/2019," $79,000 ", $-   
Qatar,1/1/2021," $107,000 ", $-   
Qatar,1/1/2022," $33,000 ", $-   
Qatar,1/1/2023," $5,000 ", $-   
Sudan,1/1/2014," $41,000 "," $3,363 "
Sudan,1/1/2017," $28,000 "," $2,545 "
Sudan,1/1/2018," $1,000 ", $-   
Sudan,1/1/2019," $13,000 "," $6,500 "
Sudan,1/1/2020," $10,000 ", $556 
Sudan,1/1/2021," $32,000 "," $3,200 "
Sudan,1/1/2022," $4,000 "," $4,000 "
Sudan,1/1/2023," $5,000 ", $-   
Iceland,1/1/2014," $8,000 ", $-   
Iceland,1/1/2015," $2,000 ", $-   
Iceland,1/1/2016," $7,000 ", $-   
Iceland,1/1/2017," $3,000 ", $-   
Iceland,1/1/2018," $11,000 ", $-   
Iceland,1/1/2019," $5,000 "," $5,000 "
Iceland,1/1/2020," $6,000 ", $-   
Iceland,1/1/2021," $9,000 ", $-   
Iceland,1/1/2022," $4,000 ", $-   
Iceland,1/1/2023," $4,000 ", $-   
Belize,1/1/2014," $62,000 "," $3,100 "
Belize,1/1/2015," $44,000 "," $4,889 "
Belize,1/1/2016," $458,000 "," $4,280 "
Belize,1/1/2017," $47,000 "," $4,700 "
Belize,1/1/2018," $1,000 ", $500 
Belize,1/1/2019," $2,000 "," $1,000 "
Belize,1/1/2020," $2,000 ", $667 
Belize,1/1/2021," $2,000 ", $500 
Belize,1/1/2022," $21,000 "," $10,500 "
Belize,1/1/2023," $4,000 "," $1,000 "
Botswana,1/1/2014," $9,000 "," $1,500 "
Botswana,1/1/2015," $7,000 "," $7,000 "
Botswana,1/1/2016," $10,000 "," $2,500 "
Botswana,1/1/2017," $13,000 "," $4,333 "
Botswana,1/1/2018," $7,000 "," $7,000 "
Botswana,1/1/2019," $5,000 ", $-   
Botswana,1/1/2021," $8,000 ", $-   
Botswana,1/1/2022," $49,000 "," $2,042 "
Botswana,1/1/2023," $3,000 "," $1,500 "
Palestine,1/1/2014," $447,000 ", $-   
Palestine,1/1/2015," $409,000 "," $11,054 "
Palestine,1/1/2016," $574,000 ", $-   
Palestine,1/1/2017," $369,000 ", $-   
Palestine,1/1/2018," $406,000 "," $12,688 "
Palestine,1/1/2019," $434,000 "," $13,152 "
Palestine,1/1/2020," $538,000 "," $9,963 "
Palestine,1/1/2021," $328,000 "," $10,581 "
Palestine,1/1/2022," $341,000 "," $11,759 "
Palestine,1/1/2023," $3,000 "," $3,000 "
Honduras,1/1/2014," $1,000 "," $1,000 "
Honduras,1/1/2016," $19,000 "," $6,333 "
Honduras,1/1/2017," $287,000 "," $15,944 "
Honduras,1/1/2018," $68,000 "," $11,333 "
Honduras,1/1/2021," $1,000 "," $1,000 "
Honduras,1/1/2023," $3,000 ", $-   
Dominican Republic,1/1/2014," $14,000 "," $4,667 "
Dominican Republic,1/1/2015," $26,000 "," $6,500 "
Dominican Republic,1/1/2016," $14,000 "," $1,273 "
Dominican Republic,1/1/2017," $32,000 "," $3,200 "
Dominican Republic,1/1/2018," $11,000 "," $2,750 "
Dominican Republic,1/1/2019," $69,000 "," $8,625 "
Dominican Republic,1/1/2020," $3,000 "," $3,000 "
Dominican Republic,1/1/2021," $41,000 "," $5,857 "
Dominican Republic,1/1/2022," $76,000 "," $8,444 "
Dominican Republic,1/1/2023," $2,000 ", $182 
Cuba,1/1/2023," $2,000 ", $-   
Equatorial Guinea,1/1/2019," $1,000 ", $-   
Equatorial Guinea,1/1/2022," $700,000 "," $1,070 "
Equatorial Guinea,1/1/2023," $1,000 ", $-   
Solomon Islands,1/1/2023," $1,000 ", $-   
American Samoa,1/1/2023," $1,000 ", $-   
Angola,1/1/2015," $337,000 "," $1,453 "
Angola,1/1/2016," $56,000 "," $4,000 "
Angola,1/1/2017," $626,000 "," $2,166 "
Angola,1/1/2018," $217,000 "," $1,855 "
Angola,1/1/2019," $17,000 ", $850 
Angola,1/1/2020," $31,000 "," $6,200 "
Angola,1/1/2021," $8,000 "," $1,600 "
Angola,1/1/2022," $7,000 ", $194 
Angola,1/1/2023," $1,000 ", $125 
Antigua and Barbuda,1/1/2023," $1,000 ", $-   
Guinea,1/1/2015," $1,000 ", $250 
Guinea,1/1/2017," $19,000 "," $4,750 "
Guinea,1/1/2018," $41,000 "," $2,412 "
Guinea,1/1/2019," $41,000 "," $8,200 "
Guinea,1/1/2020," $8,000 "," $2,667 "
Guinea,1/1/2021," $3,000 "," $1,000 "
Guinea,1/1/2022," $11,000 "," $5,500 "
Guinea,1/1/2023," $1,000 ", $-   
North Korea,1/1/2017," $1,000 "," $1,000 "
North Korea,1/1/2019," $13,000 "," $3,250 "
North Korea,1/1/2020," $1,000 ", $-   
North Korea,1/1/2021," $1,000 ", $-   
North Korea,1/1/2023," $1,000 ", $-   
Madagascar,1/1/2014," $110,000 "," $1,375 "
Madagascar,1/1/2015," $138,000 "," $2,654 "
Madagascar,1/1/2016," $136,000 "," $1,402 "
Madagascar,1/1/2017," $94,000 "," $1,541 "
Madagascar,1/1/2018," $64,000 "," $2,667 "
Madagascar,1/1/2019," $11,000 "," $11,000 "
Madagascar,1/1/2020," $105,000 "," $1,296 "
Madagascar,1/1/2021," $36,000 "," $1,636 "
Madagascar,1/1/2022," $3,000 "," $3,000 "
Madagascar,1/1/2023," $1,000 ", $-   
Tokelau,1/1/2023," $1,000 ", $-   
Saint Vincent and the Grenadines,1/1/2015," $1,000 ", $-   
Saint Vincent and the Grenadines,1/1/2023," $1,000 ", $-   
Uruguay,1/1/2014," $138,000 "," $7,263 "
Uruguay,1/1/2015," $143,000 "," $11,000 "
Uruguay,1/1/2016," $13,000 "," $6,500 "
Uruguay,1/1/2017," $1,000 ", $-   
Uruguay,1/1/2018," $5,000 ", $-   
Uruguay,1/1/2019," $1,000 ", $-   
Uruguay,1/1/2020," $1,000 ", $-   
Uruguay,1/1/2021," $2,000 ", $-   
Uruguay,1/1/2022," $1,000 ", $-   
Uruguay,1/1/2023," $1,000 ", $-   
Suriname,1/1/2014," $9,000 "," $4,500 "
Suriname,1/1/2021," $20,000 "," $1,818 "
Swaziland,1/1/2014," $7,000 "," $7,000 "
Swaziland,1/1/2015," $12,000 "," $4,000 "
Swaziland,1/1/2020," $1,000 ", $-   
Swaziland,1/1/2021," $1,000 "," $1,000 "
Seychelles,1/1/2015," $8,000 "," $8,000 "
Guyana,1/1/2014," $282,000 "," $2,848 "
Guyana,1/1/2015," $159,000 "," $3,058 "
Guyana,1/1/2016," $39,000 "," $2,600 "
Guyana,1/1/2017," $5,000 ", $20 
Guyana,1/1/2018," $2,000 ", $667 
Guyana,1/1/2019," $2,000 ", $667 
Guyana,1/1/2020," $2,000 "," $1,000 "
Grenada,1/1/2014," $1,000 ", $-   
Grenada,1/1/2017," $2,000 ", $-   
Grenada,1/1/2018," $8,000 "," $8,000 "
Grenada,1/1/2019," $4,000 ", $-   
Grenada,1/1/2021," $5,000 ", $-   
Malta,1/1/2016," $1,000 "," $1,000 "
Malta,1/1/2017," $4,000 "," $4,000 "
Malta,1/1/2018," $1,000 ", $-   
Malta,1/1/2019," $2,000 ", $-   
Malta,1/1/2020," $1,000 ", $-   
Mauritania,1/1/2020," $31,000 "," $1,292 "
Mauritania,1/1/2022," $140,000 ", $258 
Latvia,1/1/2014," $5,712,000 "," $15,032 "
Latvia,1/1/2015," $5,489,000 "," $10,072 "
Latvia,1/1/2016," $7,657,000 "," $14,984 "
Latvia,1/1/2017," $4,488,000 "," $14,763 "
Latvia,1/1/2018," $4,030,000 "," $9,051 "
Latvia,1/1/2019," $3,487,000 "," $11,248 "
Latvia,1/1/2020," $4,010,000 "," $14,582 "
Latvia,1/1/2021," $4,495,000 "," $14,738 "
Latvia,1/1/2022," $4,427,000 "," $15,811 "
Aruba,1/1/2014," $2,000 ", $-   
Aruba,1/1/2015," $1,000 ", $-   
Aruba,1/1/2017," $4,000 ", $-   
Aruba,1/1/2018," $14,000 "," $1,750 "
Aruba,1/1/2020," $55,000 "," $27,500 "
Aruba,1/1/2021," $1,000 "," $1,000 "
Aruba,1/1/2022," $26,000 "," $26,000 "
Nicaragua,1/1/2017," $17,000 "," $5,667 "
Nicaragua,1/1/2018," $2,000 ", $-   
Nicaragua,1/1/2020," $33,000 "," $16,500 "
Bermuda,1/1/2022," $1,000 ", $-   
Bahamas,1/1/2018," $1,000 ", $-   
Bahamas,1/1/2021," $5,000 "," $5,000 "
Bolivia,1/1/2014," $110,000 "," $22,000 "
Bolivia,1/1/2015," $124,000 "," $13,778 "
Bolivia,1/1/2016," $132,000 "," $22,000 "
Bolivia,1/1/2017," $117,000 "," $16,714 "
Bolivia,1/1/2018," $143,000 "," $11,000 "
Bolivia,1/1/2019," $13,000 "," $13,000 "
Bolivia,1/1/2021," $3,000 ", $-   
Bolivia,1/1/2022," $5,000 ", $-   
Gambia,1/1/2014," $975,000 "," $3,339 "
Gambia,1/1/2015," $276,000 "," $2,845 "
Gambia,1/1/2016," $4,151,000 "," $62,894 "
Gambia,1/1/2017," $251,000 "," $2,041 "
Gambia,1/1/2018," $2,000 ", $667 
Gambia,1/1/2019," $4,000 ", $500 
Gabon,1/1/2022," $4,000 ", $444 
French Polynesia,1/1/2014," $49,000 "," $24,500 "
French Polynesia,1/1/2015," $24,000 "," $24,000 "
French Polynesia,1/1/2016," $26,000 "," $13,000 "
French Polynesia,1/1/2017," $19,000 "," $19,000 "
French Polynesia,1/1/2018," $15,000 "," $15,000 "
French Polynesia,1/1/2019," $15,000 "," $15,000 "
French Polynesia,1/1/2020," $8,000 ", $-   
French Polynesia,1/1/2021," $7,000 ", $-   
French Polynesia,1/1/2022," $14,000 ", $-   
Congo [DRC],1/1/2015," $200,000 ", $551 
Congo [DRC],1/1/2016," $310,000 ", $610 
Congo [DRC],1/1/2017," $300,000 ", $505 
Congo [DRC],1/1/2018," $130,000 ", $342 
Congo [DRC],1/1/2020," $1,000 ", $-   
Congo [DRC],1/1/2021," $1,000 ", $-   
Congo [DRC],1/1/2022," $20,000 "," $6,667 "
Dominica,1/1/2016," $1,000 ", $-   
Dominica,1/1/2017," $10,000 ", $-   
Dominica,1/1/2021," $3,000 "," $3,000 "
Cook Islands,1/1/2018," $2,000 ", $-   
Chad,1/1/2014," $35,000 "," $3,889 "
Chad,1/1/2015," $21,000 "," $10,500 "
Chad,1/1/2016," $2,000 ", $222 
Chad,1/1/2017," $11,000 ", $355 
Chad,1/1/2018," $10,000 ", $278 
Chad,1/1/2019," $6,000 ", $250 
Chad,1/1/2021," $1,000 ", $43 
Comoros,1/1/2019," $1,000 "," $1,000 "
Cocos [Keeling] Islands,1/1/2022," $118,000 "," $4,214 "
Eritrea,1/1/2016," $3,000 "," $3,000 "
British Virgin Islands,1/1/2014," $23,000 "," $2,875 "
British Virgin Islands,1/1/2021," $1,000 ", $-   
Netherlands,1/1/2020," $1,000 ", $-   
Netherlands Antilles,1/1/2019," $1,000 ", $-   
New Caledonia,1/1/2015," $1,000 ", $-   
New Caledonia,1/1/2020," $12,000 "," $6,000 "
Vanuatu,1/1/2015," $44,000 "," $4,889 "
Vanuatu,1/1/2018," $10,000 ", $909 
Pitcairn Islands,1/1/2014," $1,000 ", $-   
Pitcairn Islands,1/1/2021," $28,000 "," $3,500 "
Pitcairn Islands,1/1/2022," $25,000 "," $1,563 "
Marshall Islands,1/1/2022," $1,000 ", $-   
Libya,1/1/2015," $261,000 "," $13,737 "
Libya,1/1/2017," $293,000 ", $651 
Libya,1/1/2021," $1,000 ", $-   
Guam,1/1/2017," $1,000 ", $-   
Gibraltar,1/1/2017," $1,000 ", $-   
Gibraltar,1/1/2022," $1,000 ", $-   
Saint Pierre and Miquelon,1/1/2020," $15,000 ", $-   
Saint Pierre and Miquelon,1/1/2021," $1,000 "," $7,634 "
Saint Pierre and Miquelon,1/1/2022," $3,000 "," $13,575 "
Guinea-Bissau,1/1/2019," $4,000 "," $2,000 "
South Sudan,1/1/2016," $1,000 ", $-   
South Sudan,1/1/2021," $1,000 ", $-   
South Sudan,1/1/2022," $40,000 "," $13,333 "
U.S. Minor Outlying Islands,1/1/2014," $8,000 ", $-   
U.S. Minor Outlying Islands,1/1/2015," $7,000 "," $7,000 "
U.S. Minor Outlying Islands,1/1/2016," $19,000 "," $9,500 "
U.S. Minor Outlying Islands,1/1/2017," $18,000 "," $6,000 "
U.S. Minor Outlying Islands,1/1/2018," $24,000 "," $3,429 "
U.S. Minor Outlying Islands,1/1/2019," $11,000 "," $11,000 "
U.S. Minor Outlying Islands,1/1/2020," $11,000 ", $-   
Turks and Caicos Islands,1/1/2014," $2,000 ", $-   
Turks and Caicos Islands,1/1/2015," $2,000 "," $1,000 "
Turks and Caicos Islands,1/1/2016," $3,000 ", $750 
Turks and Caicos Islands,1/1/2017," $2,000 ", $-   
Turks and Caicos Islands,1/1/2018," $1,000 ", $-   
Turks and Caicos Islands,1/1/2020," $1,000 ", $-   
Turks and Caicos Islands,1/1/2021," $4,000 ", $-   
